time	geography	geography_name	grade	N_dtap	N_polio	N_mmr	N_hep_b	N_varicella	N_personal_exempt	N_medical_exempt	N_full_exempt	pct_dtap	pct_polio	pct_mmr	pct_hep_b	pct_varicella	pct_personal_exempt	pct_medical_exempt	pct_full_exempt	health_district	school_district
2019-09-01	49	Utah	Kindergarten	NA	NA	NA	NA	NA	NA	NA	NA	NA	NA	NA	NA	NA	NA	NA	6.50	Bear River	Box Elder
2019-09-01	49	Utah	Kindergarten	NA	NA	NA	NA	NA	NA	NA	NA	NA	NA	NA	NA	NA	NA	NA	5.60	Bear River	Box Elder
2019-09-01	49	Utah	Kindergarten	NA	NA	NA	NA	NA	NA	NA	NA	NA	NA	NA	NA	NA	NA	NA	5.00	Bear River	Box Elder
2019-09-01	49	Utah	Kindergarten	NA	NA	NA	NA	NA	NA	NA	NA	NA	NA	NA	NA	NA	NA	NA	5.20	Bear River	Box Elder
2019-09-01	49	Utah	Kindergarten	NA	NA	NA	NA	NA	NA	NA	NA	NA	NA	NA	NA	NA	NA	NA	6.30	Bear River	Box Elder
2019-09-01	49	Utah	Kindergarten	NA	NA	NA	NA	NA	NA	NA	NA	NA	NA	NA	NA	NA	NA	NA	2.90	Bear River	Cache
2019-09-01	49	Utah	Kindergarten	NA	NA	NA	NA	NA	NA	NA	NA	NA	NA	NA	NA	NA	NA	NA	2.60	Bear River	Cache
2019-09-01	49	Utah	Kindergarten	NA	NA	NA	NA	NA	NA	NA	NA	NA	NA	NA	NA	NA	NA	NA	2.70	Bear River	Cache
2019-09-01	49	Utah	Kindergarten	NA	NA	NA	NA	NA	NA	NA	NA	NA	NA	NA	NA	NA	NA	NA	4.20	Bear River	Cache
2019-09-01	49	Utah	Kindergarten	NA	NA	NA	NA	NA	NA	NA	NA	NA	NA	NA	NA	NA	NA	NA	5.50	Bear River	Cache
2019-09-01	49	Utah	Kindergarten	NA	NA	NA	NA	NA	NA	NA	NA	NA	NA	NA	NA	NA	NA	NA	0.40	Bear River	Logan
2019-09-01	49	Utah	Kindergarten	NA	NA	NA	NA	NA	NA	NA	NA	NA	NA	NA	NA	NA	NA	NA	2.20	Bear River	Logan
2019-09-01	49	Utah	Kindergarten	NA	NA	NA	NA	NA	NA	NA	NA	NA	NA	NA	NA	NA	NA	NA	2.80	Bear River	Logan
2019-09-01	49	Utah	Kindergarten	NA	NA	NA	NA	NA	NA	NA	NA	NA	NA	NA	NA	NA	NA	NA	1.30	Bear River	Logan
2019-09-01	49	Utah	Kindergarten	NA	NA	NA	NA	NA	NA	NA	NA	NA	NA	NA	NA	NA	NA	NA	5.10	Bear River	Logan
2019-09-01	49	Utah	Kindergarten	NA	NA	NA	NA	NA	NA	NA	NA	NA	NA	NA	NA	NA	NA	NA	10.00	Bear River	Rich
2019-09-01	49	Utah	Kindergarten	NA	NA	NA	NA	NA	NA	NA	NA	NA	NA	NA	NA	NA	NA	NA	4.40	Bear River	Rich
2019-09-01	49	Utah	Kindergarten	NA	NA	NA	NA	NA	NA	NA	NA	NA	NA	NA	NA	NA	NA	NA	5.40	Bear River	Rich
2019-09-01	49	Utah	Kindergarten	NA	NA	NA	NA	NA	NA	NA	NA	NA	NA	NA	NA	NA	NA	NA	2.60	Bear River	Rich
2019-09-01	49	Utah	Kindergarten	NA	NA	NA	NA	NA	NA	NA	NA	NA	NA	NA	NA	NA	NA	NA	12.80	Bear River	Rich
2019-09-01	49	Utah	Kindergarten	NA	NA	NA	NA	NA	NA	NA	NA	NA	NA	NA	NA	NA	NA	NA	14.50	Central	Juab
2019-09-01	49	Utah	Kindergarten	NA	NA	NA	NA	NA	NA	NA	NA	NA	NA	NA	NA	NA	NA	NA	11.20	Central	Juab
2019-09-01	49	Utah	Kindergarten	NA	NA	NA	NA	NA	NA	NA	NA	NA	NA	NA	NA	NA	NA	NA	10.40	Central	Juab
2019-09-01	49	Utah	Kindergarten	NA	NA	NA	NA	NA	NA	NA	NA	NA	NA	NA	NA	NA	NA	NA	10.50	Central	Juab
2019-09-01	49	Utah	Kindergarten	NA	NA	NA	NA	NA	NA	NA	NA	NA	NA	NA	NA	NA	NA	NA	9.60	Central	Juab
2019-09-01	49	Utah	Kindergarten	NA	NA	NA	NA	NA	NA	NA	NA	NA	NA	NA	NA	NA	NA	NA	5.00	Central	Millard
2019-09-01	49	Utah	Kindergarten	NA	NA	NA	NA	NA	NA	NA	NA	NA	NA	NA	NA	NA	NA	NA	6.80	Central	Millard
2019-09-01	49	Utah	Kindergarten	NA	NA	NA	NA	NA	NA	NA	NA	NA	NA	NA	NA	NA	NA	NA	1.80	Central	Millard
2019-09-01	49	Utah	Kindergarten	NA	NA	NA	NA	NA	NA	NA	NA	NA	NA	NA	NA	NA	NA	NA	5.20	Central	Millard
2019-09-01	49	Utah	Kindergarten	NA	NA	NA	NA	NA	NA	NA	NA	NA	NA	NA	NA	NA	NA	NA	6.30	Central	Millard
2019-09-01	49	Utah	Kindergarten	NA	NA	NA	NA	NA	NA	NA	NA	NA	NA	NA	NA	NA	NA	NA	9.10	Central	North Sanpete
2019-09-01	49	Utah	Kindergarten	NA	NA	NA	NA	NA	NA	NA	NA	NA	NA	NA	NA	NA	NA	NA	4.60	Central	North Sanpete
2019-09-01	49	Utah	Kindergarten	NA	NA	NA	NA	NA	NA	NA	NA	NA	NA	NA	NA	NA	NA	NA	9.10	Central	North Sanpete
2019-09-01	49	Utah	Kindergarten	NA	NA	NA	NA	NA	NA	NA	NA	NA	NA	NA	NA	NA	NA	NA	13.20	Central	North Sanpete
2019-09-01	49	Utah	Kindergarten	NA	NA	NA	NA	NA	NA	NA	NA	NA	NA	NA	NA	NA	NA	NA	13.30	Central	North Sanpete
2019-09-01	49	Utah	Kindergarten	NA	NA	NA	NA	NA	NA	NA	NA	NA	NA	NA	NA	NA	NA	NA	13.30	Central	Piute
2019-09-01	49	Utah	Kindergarten	NA	NA	NA	NA	NA	NA	NA	NA	NA	NA	NA	NA	NA	NA	NA	5.30	Central	Piute
2019-09-01	49	Utah	Kindergarten	NA	NA	NA	NA	NA	NA	NA	NA	NA	NA	NA	NA	NA	NA	NA	10.50	Central	Piute
2019-09-01	49	Utah	Kindergarten	NA	NA	NA	NA	NA	NA	NA	NA	NA	NA	NA	NA	NA	NA	NA	0.00	Central	Piute
2019-09-01	49	Utah	Kindergarten	NA	NA	NA	NA	NA	NA	NA	NA	NA	NA	NA	NA	NA	NA	NA	11.10	Central	Piute
2019-09-01	49	Utah	Kindergarten	NA	NA	NA	NA	NA	NA	NA	NA	NA	NA	NA	NA	NA	NA	NA	2.90	Central	Sevier
2019-09-01	49	Utah	Kindergarten	NA	NA	NA	NA	NA	NA	NA	NA	NA	NA	NA	NA	NA	NA	NA	5.50	Central	Sevier
2019-09-01	49	Utah	Kindergarten	NA	NA	NA	NA	NA	NA	NA	NA	NA	NA	NA	NA	NA	NA	NA	3.10	Central	Sevier
2019-09-01	49	Utah	Kindergarten	NA	NA	NA	NA	NA	NA	NA	NA	NA	NA	NA	NA	NA	NA	NA	8.00	Central	Sevier
2019-09-01	49	Utah	Kindergarten	NA	NA	NA	NA	NA	NA	NA	NA	NA	NA	NA	NA	NA	NA	NA	8.10	Central	Sevier
2019-09-01	49	Utah	Kindergarten	NA	NA	NA	NA	NA	NA	NA	NA	NA	NA	NA	NA	NA	NA	NA	3.90	Central	South Sanpete
2019-09-01	49	Utah	Kindergarten	NA	NA	NA	NA	NA	NA	NA	NA	NA	NA	NA	NA	NA	NA	NA	6.10	Central	South Sanpete
2019-09-01	49	Utah	Kindergarten	NA	NA	NA	NA	NA	NA	NA	NA	NA	NA	NA	NA	NA	NA	NA	4.10	Central	South Sanpete
2019-09-01	49	Utah	Kindergarten	NA	NA	NA	NA	NA	NA	NA	NA	NA	NA	NA	NA	NA	NA	NA	5.70	Central	South Sanpete
2019-09-01	49	Utah	Kindergarten	NA	NA	NA	NA	NA	NA	NA	NA	NA	NA	NA	NA	NA	NA	NA	7.90	Central	South Sanpete
2019-09-01	49	Utah	Kindergarten	NA	NA	NA	NA	NA	NA	NA	NA	NA	NA	NA	NA	NA	NA	NA	7.70	Central	Tintic
2019-09-01	49	Utah	Kindergarten	NA	NA	NA	NA	NA	NA	NA	NA	NA	NA	NA	NA	NA	NA	NA	7.10	Central	Tintic
2019-09-01	49	Utah	Kindergarten	NA	NA	NA	NA	NA	NA	NA	NA	NA	NA	NA	NA	NA	NA	NA	0.00	Central	Tintic
2019-09-01	49	Utah	Kindergarten	NA	NA	NA	NA	NA	NA	NA	NA	NA	NA	NA	NA	NA	NA	NA	0.00	Central	Tintic
2019-09-01	49	Utah	Kindergarten	NA	NA	NA	NA	NA	NA	NA	NA	NA	NA	NA	NA	NA	NA	NA	11.80	Central	Tintic
2019-09-01	49	Utah	Kindergarten	NA	NA	NA	NA	NA	NA	NA	NA	NA	NA	NA	NA	NA	NA	NA	0.00	Central	Wayne
2019-09-01	49	Utah	Kindergarten	NA	NA	NA	NA	NA	NA	NA	NA	NA	NA	NA	NA	NA	NA	NA	10.50	Central	Wayne
2019-09-01	49	Utah	Kindergarten	NA	NA	NA	NA	NA	NA	NA	NA	NA	NA	NA	NA	NA	NA	NA	7.70	Central	Wayne
2019-09-01	49	Utah	Kindergarten	NA	NA	NA	NA	NA	NA	NA	NA	NA	NA	NA	NA	NA	NA	NA	6.10	Central	Wayne
2019-09-01	49	Utah	Kindergarten	NA	NA	NA	NA	NA	NA	NA	NA	NA	NA	NA	NA	NA	NA	NA	15.60	Central	Wayne
2019-09-01	49	Utah	Kindergarten	NA	NA	NA	NA	NA	NA	NA	NA	NA	NA	NA	NA	NA	NA	NA	4.30	Davis	Davis
2019-09-01	49	Utah	Kindergarten	NA	NA	NA	NA	NA	NA	NA	NA	NA	NA	NA	NA	NA	NA	NA	3.10	Davis	Davis
2019-09-01	49	Utah	Kindergarten	NA	NA	NA	NA	NA	NA	NA	NA	NA	NA	NA	NA	NA	NA	NA	3.30	Davis	Davis
2019-09-01	49	Utah	Kindergarten	NA	NA	NA	NA	NA	NA	NA	NA	NA	NA	NA	NA	NA	NA	NA	4.30	Davis	Davis
2019-09-01	49	Utah	Kindergarten	NA	NA	NA	NA	NA	NA	NA	NA	NA	NA	NA	NA	NA	NA	NA	4.80	Davis	Davis
2019-09-01	49	Utah	Kindergarten	NA	NA	NA	NA	NA	NA	NA	NA	NA	NA	NA	NA	NA	NA	NA	5.70	Salt Lake	Canyons
2019-09-01	49	Utah	Kindergarten	NA	NA	NA	NA	NA	NA	NA	NA	NA	NA	NA	NA	NA	NA	NA	4.90	Salt Lake	Canyons
2019-09-01	49	Utah	Kindergarten	NA	NA	NA	NA	NA	NA	NA	NA	NA	NA	NA	NA	NA	NA	NA	4.60	Salt Lake	Canyons
2019-09-01	49	Utah	Kindergarten	NA	NA	NA	NA	NA	NA	NA	NA	NA	NA	NA	NA	NA	NA	NA	5.80	Salt Lake	Canyons
2019-09-01	49	Utah	Kindergarten	NA	NA	NA	NA	NA	NA	NA	NA	NA	NA	NA	NA	NA	NA	NA	6.10	Salt Lake	Canyons
2019-09-01	49	Utah	Kindergarten	NA	NA	NA	NA	NA	NA	NA	NA	NA	NA	NA	NA	NA	NA	NA	2.20	Salt Lake	Granite
2019-09-01	49	Utah	Kindergarten	NA	NA	NA	NA	NA	NA	NA	NA	NA	NA	NA	NA	NA	NA	NA	2.50	Salt Lake	Granite
2019-09-01	49	Utah	Kindergarten	NA	NA	NA	NA	NA	NA	NA	NA	NA	NA	NA	NA	NA	NA	NA	1.80	Salt Lake	Granite
2019-09-01	49	Utah	Kindergarten	NA	NA	NA	NA	NA	NA	NA	NA	NA	NA	NA	NA	NA	NA	NA	2.40	Salt Lake	Granite
2019-09-01	49	Utah	Kindergarten	NA	NA	NA	NA	NA	NA	NA	NA	NA	NA	NA	NA	NA	NA	NA	2.80	Salt Lake	Granite
2019-09-01	49	Utah	Kindergarten	NA	NA	NA	NA	NA	NA	NA	NA	NA	NA	NA	NA	NA	NA	NA	4.20	Salt Lake	Jordan
2019-09-01	49	Utah	Kindergarten	NA	NA	NA	NA	NA	NA	NA	NA	NA	NA	NA	NA	NA	NA	NA	3.90	Salt Lake	Jordan
2019-09-01	49	Utah	Kindergarten	NA	NA	NA	NA	NA	NA	NA	NA	NA	NA	NA	NA	NA	NA	NA	3.00	Salt Lake	Jordan
2019-09-01	49	Utah	Kindergarten	NA	NA	NA	NA	NA	NA	NA	NA	NA	NA	NA	NA	NA	NA	NA	4.20	Salt Lake	Jordan
2019-09-01	49	Utah	Kindergarten	NA	NA	NA	NA	NA	NA	NA	NA	NA	NA	NA	NA	NA	NA	NA	5.20	Salt Lake	Jordan
2019-09-01	49	Utah	Kindergarten	NA	NA	NA	NA	NA	NA	NA	NA	NA	NA	NA	NA	NA	NA	NA	4.10	Salt Lake	Murray
2019-09-01	49	Utah	Kindergarten	NA	NA	NA	NA	NA	NA	NA	NA	NA	NA	NA	NA	NA	NA	NA	3.40	Salt Lake	Murray
2019-09-01	49	Utah	Kindergarten	NA	NA	NA	NA	NA	NA	NA	NA	NA	NA	NA	NA	NA	NA	NA	3.50	Salt Lake	Murray
2019-09-01	49	Utah	Kindergarten	NA	NA	NA	NA	NA	NA	NA	NA	NA	NA	NA	NA	NA	NA	NA	4.30	Salt Lake	Murray
2019-09-01	49	Utah	Kindergarten	NA	NA	NA	NA	NA	NA	NA	NA	NA	NA	NA	NA	NA	NA	NA	5.60	Salt Lake	Murray
2019-09-01	49	Utah	Kindergarten	NA	NA	NA	NA	NA	NA	NA	NA	NA	NA	NA	NA	NA	NA	NA	3.00	Salt Lake	Salt Lake
2019-09-01	49	Utah	Kindergarten	NA	NA	NA	NA	NA	NA	NA	NA	NA	NA	NA	NA	NA	NA	NA	2.70	Salt Lake	Salt Lake
2019-09-01	49	Utah	Kindergarten	NA	NA	NA	NA	NA	NA	NA	NA	NA	NA	NA	NA	NA	NA	NA	1.30	Salt Lake	Salt Lake
2019-09-01	49	Utah	Kindergarten	NA	NA	NA	NA	NA	NA	NA	NA	NA	NA	NA	NA	NA	NA	NA	2.80	Salt Lake	Salt Lake
2019-09-01	49	Utah	Kindergarten	NA	NA	NA	NA	NA	NA	NA	NA	NA	NA	NA	NA	NA	NA	NA	3.50	Salt Lake	Salt Lake
2019-09-01	49	Utah	Kindergarten	NA	NA	NA	NA	NA	NA	NA	NA	NA	NA	NA	NA	NA	NA	NA	2.20	San Juan	San Juan
2019-09-01	49	Utah	Kindergarten	NA	NA	NA	NA	NA	NA	NA	NA	NA	NA	NA	NA	NA	NA	NA	2.80	San Juan	San Juan
2019-09-01	49	Utah	Kindergarten	NA	NA	NA	NA	NA	NA	NA	NA	NA	NA	NA	NA	NA	NA	NA	1.80	San Juan	San Juan
2019-09-01	49	Utah	Kindergarten	NA	NA	NA	NA	NA	NA	NA	NA	NA	NA	NA	NA	NA	NA	NA	3.90	San Juan	San Juan
2019-09-01	49	Utah	Kindergarten	NA	NA	NA	NA	NA	NA	NA	NA	NA	NA	NA	NA	NA	NA	NA	6.00	San Juan	San Juan
2019-09-01	49	Utah	Kindergarten	NA	NA	NA	NA	NA	NA	NA	NA	NA	NA	NA	NA	NA	NA	NA	1.60	Southeast	Carbon
2019-09-01	49	Utah	Kindergarten	NA	NA	NA	NA	NA	NA	NA	NA	NA	NA	NA	NA	NA	NA	NA	2.60	Southeast	Carbon
2019-09-01	49	Utah	Kindergarten	NA	NA	NA	NA	NA	NA	NA	NA	NA	NA	NA	NA	NA	NA	NA	1.30	Southeast	Carbon
2019-09-01	49	Utah	Kindergarten	NA	NA	NA	NA	NA	NA	NA	NA	NA	NA	NA	NA	NA	NA	NA	4.10	Southeast	Carbon
2019-09-01	49	Utah	Kindergarten	NA	NA	NA	NA	NA	NA	NA	NA	NA	NA	NA	NA	NA	NA	NA	7.90	Southeast	Carbon
2019-09-01	49	Utah	Kindergarten	NA	NA	NA	NA	NA	NA	NA	NA	NA	NA	NA	NA	NA	NA	NA	6.70	Southeast	Emery
2019-09-01	49	Utah	Kindergarten	NA	NA	NA	NA	NA	NA	NA	NA	NA	NA	NA	NA	NA	NA	NA	8.90	Southeast	Emery
2019-09-01	49	Utah	Kindergarten	NA	NA	NA	NA	NA	NA	NA	NA	NA	NA	NA	NA	NA	NA	NA	8.30	Southeast	Emery
2019-09-01	49	Utah	Kindergarten	NA	NA	NA	NA	NA	NA	NA	NA	NA	NA	NA	NA	NA	NA	NA	8.80	Southeast	Emery
2019-09-01	49	Utah	Kindergarten	NA	NA	NA	NA	NA	NA	NA	NA	NA	NA	NA	NA	NA	NA	NA	6.30	Southeast	Emery
2019-09-01	49	Utah	Kindergarten	NA	NA	NA	NA	NA	NA	NA	NA	NA	NA	NA	NA	NA	NA	NA	3.60	Southeast	Grand
2019-09-01	49	Utah	Kindergarten	NA	NA	NA	NA	NA	NA	NA	NA	NA	NA	NA	NA	NA	NA	NA	3.00	Southeast	Grand
2019-09-01	49	Utah	Kindergarten	NA	NA	NA	NA	NA	NA	NA	NA	NA	NA	NA	NA	NA	NA	NA	3.10	Southeast	Grand
2019-09-01	49	Utah	Kindergarten	NA	NA	NA	NA	NA	NA	NA	NA	NA	NA	NA	NA	NA	NA	NA	1.10	Southeast	Grand
2019-09-01	49	Utah	Kindergarten	NA	NA	NA	NA	NA	NA	NA	NA	NA	NA	NA	NA	NA	NA	NA	8.00	Southeast	Grand
2019-09-01	49	Utah	Kindergarten	NA	NA	NA	NA	NA	NA	NA	NA	NA	NA	NA	NA	NA	NA	NA	5.70	Southwest	Beaver
2019-09-01	49	Utah	Kindergarten	NA	NA	NA	NA	NA	NA	NA	NA	NA	NA	NA	NA	NA	NA	NA	4.50	Southwest	Beaver
2019-09-01	49	Utah	Kindergarten	NA	NA	NA	NA	NA	NA	NA	NA	NA	NA	NA	NA	NA	NA	NA	3.70	Southwest	Beaver
2019-09-01	49	Utah	Kindergarten	NA	NA	NA	NA	NA	NA	NA	NA	NA	NA	NA	NA	NA	NA	NA	4.10	Southwest	Beaver
2019-09-01	49	Utah	Kindergarten	NA	NA	NA	NA	NA	NA	NA	NA	NA	NA	NA	NA	NA	NA	NA	6.70	Southwest	Beaver
2019-09-01	49	Utah	Kindergarten	NA	NA	NA	NA	NA	NA	NA	NA	NA	NA	NA	NA	NA	NA	NA	11.50	Southwest	Garfield
2019-09-01	49	Utah	Kindergarten	NA	NA	NA	NA	NA	NA	NA	NA	NA	NA	NA	NA	NA	NA	NA	7.50	Southwest	Garfield
2019-09-01	49	Utah	Kindergarten	NA	NA	NA	NA	NA	NA	NA	NA	NA	NA	NA	NA	NA	NA	NA	7.10	Southwest	Garfield
2019-09-01	49	Utah	Kindergarten	NA	NA	NA	NA	NA	NA	NA	NA	NA	NA	NA	NA	NA	NA	NA	9.70	Southwest	Garfield
2019-09-01	49	Utah	Kindergarten	NA	NA	NA	NA	NA	NA	NA	NA	NA	NA	NA	NA	NA	NA	NA	4.90	Southwest	Garfield
2019-09-01	49	Utah	Kindergarten	NA	NA	NA	NA	NA	NA	NA	NA	NA	NA	NA	NA	NA	NA	NA	4.40	Southwest	Iron
2019-09-01	49	Utah	Kindergarten	NA	NA	NA	NA	NA	NA	NA	NA	NA	NA	NA	NA	NA	NA	NA	7.30	Southwest	Iron
2019-09-01	49	Utah	Kindergarten	NA	NA	NA	NA	NA	NA	NA	NA	NA	NA	NA	NA	NA	NA	NA	5.50	Southwest	Iron
2019-09-01	49	Utah	Kindergarten	NA	NA	NA	NA	NA	NA	NA	NA	NA	NA	NA	NA	NA	NA	NA	8.50	Southwest	Iron
2019-09-01	49	Utah	Kindergarten	NA	NA	NA	NA	NA	NA	NA	NA	NA	NA	NA	NA	NA	NA	NA	10.40	Southwest	Iron
2019-09-01	49	Utah	Kindergarten	NA	NA	NA	NA	NA	NA	NA	NA	NA	NA	NA	NA	NA	NA	NA	20.90	Southwest	Kane
2019-09-01	49	Utah	Kindergarten	NA	NA	NA	NA	NA	NA	NA	NA	NA	NA	NA	NA	NA	NA	NA	19.20	Southwest	Kane
2019-09-01	49	Utah	Kindergarten	NA	NA	NA	NA	NA	NA	NA	NA	NA	NA	NA	NA	NA	NA	NA	7.80	Southwest	Kane
2019-09-01	49	Utah	Kindergarten	NA	NA	NA	NA	NA	NA	NA	NA	NA	NA	NA	NA	NA	NA	NA	16.20	Southwest	Kane
2019-09-01	49	Utah	Kindergarten	NA	NA	NA	NA	NA	NA	NA	NA	NA	NA	NA	NA	NA	NA	NA	19.80	Southwest	Kane
2019-09-01	49	Utah	Kindergarten	NA	NA	NA	NA	NA	NA	NA	NA	NA	NA	NA	NA	NA	NA	NA	11.60	Southwest	Washington
2019-09-01	49	Utah	Kindergarten	NA	NA	NA	NA	NA	NA	NA	NA	NA	NA	NA	NA	NA	NA	NA	9.70	Southwest	Washington
2019-09-01	49	Utah	Kindergarten	NA	NA	NA	NA	NA	NA	NA	NA	NA	NA	NA	NA	NA	NA	NA	8.50	Southwest	Washington
2019-09-01	49	Utah	Kindergarten	NA	NA	NA	NA	NA	NA	NA	NA	NA	NA	NA	NA	NA	NA	NA	12.10	Southwest	Washington
2019-09-01	49	Utah	Kindergarten	NA	NA	NA	NA	NA	NA	NA	NA	NA	NA	NA	NA	NA	NA	NA	14.60	Southwest	Washington
2019-09-01	49	Utah	Kindergarten	NA	NA	NA	NA	NA	NA	NA	NA	NA	NA	NA	NA	NA	NA	NA	3.60	Summit	North Summit
2019-09-01	49	Utah	Kindergarten	NA	NA	NA	NA	NA	NA	NA	NA	NA	NA	NA	NA	NA	NA	NA	3.20	Summit	North Summit
2019-09-01	49	Utah	Kindergarten	NA	NA	NA	NA	NA	NA	NA	NA	NA	NA	NA	NA	NA	NA	NA	1.50	Summit	North Summit
2019-09-01	49	Utah	Kindergarten	NA	NA	NA	NA	NA	NA	NA	NA	NA	NA	NA	NA	NA	NA	NA	10.60	Summit	North Summit
2019-09-01	49	Utah	Kindergarten	NA	NA	NA	NA	NA	NA	NA	NA	NA	NA	NA	NA	NA	NA	NA	4.20	Summit	North Summit
2019-09-01	49	Utah	Kindergarten	NA	NA	NA	NA	NA	NA	NA	NA	NA	NA	NA	NA	NA	NA	NA	8.30	Summit	Park City
2019-09-01	49	Utah	Kindergarten	NA	NA	NA	NA	NA	NA	NA	NA	NA	NA	NA	NA	NA	NA	NA	11.40	Summit	Park City
2019-09-01	49	Utah	Kindergarten	NA	NA	NA	NA	NA	NA	NA	NA	NA	NA	NA	NA	NA	NA	NA	5.80	Summit	Park City
2019-09-01	49	Utah	Kindergarten	NA	NA	NA	NA	NA	NA	NA	NA	NA	NA	NA	NA	NA	NA	NA	8.40	Summit	Park City
2019-09-01	49	Utah	Kindergarten	NA	NA	NA	NA	NA	NA	NA	NA	NA	NA	NA	NA	NA	NA	NA	6.50	Summit	Park City
2019-09-01	49	Utah	Kindergarten	NA	NA	NA	NA	NA	NA	NA	NA	NA	NA	NA	NA	NA	NA	NA	9.80	Summit	South Summit
2019-09-01	49	Utah	Kindergarten	NA	NA	NA	NA	NA	NA	NA	NA	NA	NA	NA	NA	NA	NA	NA	5.90	Summit	South Summit
2019-09-01	49	Utah	Kindergarten	NA	NA	NA	NA	NA	NA	NA	NA	NA	NA	NA	NA	NA	NA	NA	2.30	Summit	South Summit
2019-09-01	49	Utah	Kindergarten	NA	NA	NA	NA	NA	NA	NA	NA	NA	NA	NA	NA	NA	NA	NA	8.90	Summit	South Summit
2019-09-01	49	Utah	Kindergarten	NA	NA	NA	NA	NA	NA	NA	NA	NA	NA	NA	NA	NA	NA	NA	11.00	Summit	South Summit
2019-09-01	49	Utah	Kindergarten	NA	NA	NA	NA	NA	NA	NA	NA	NA	NA	NA	NA	NA	NA	NA	5.50	Tooele	Tooele
2019-09-01	49	Utah	Kindergarten	NA	NA	NA	NA	NA	NA	NA	NA	NA	NA	NA	NA	NA	NA	NA	4.00	Tooele	Tooele
2019-09-01	49	Utah	Kindergarten	NA	NA	NA	NA	NA	NA	NA	NA	NA	NA	NA	NA	NA	NA	NA	3.20	Tooele	Tooele
2019-09-01	49	Utah	Kindergarten	NA	NA	NA	NA	NA	NA	NA	NA	NA	NA	NA	NA	NA	NA	NA	5.50	Tooele	Tooele
2019-09-01	49	Utah	Kindergarten	NA	NA	NA	NA	NA	NA	NA	NA	NA	NA	NA	NA	NA	NA	NA	4.70	Tooele	Tooele
2019-09-01	49	Utah	Kindergarten	NA	NA	NA	NA	NA	NA	NA	NA	NA	NA	NA	NA	NA	NA	NA	0.00	TriCounty	Daggett
2019-09-01	49	Utah	Kindergarten	NA	NA	NA	NA	NA	NA	NA	NA	NA	NA	NA	NA	NA	NA	NA	0.00	TriCounty	Daggett
2019-09-01	49	Utah	Kindergarten	NA	NA	NA	NA	NA	NA	NA	NA	NA	NA	NA	NA	NA	NA	NA	8.30	TriCounty	Daggett
2019-09-01	49	Utah	Kindergarten	NA	NA	NA	NA	NA	NA	NA	NA	NA	NA	NA	NA	NA	NA	NA	7.10	TriCounty	Daggett
2019-09-01	49	Utah	Kindergarten	NA	NA	NA	NA	NA	NA	NA	NA	NA	NA	NA	NA	NA	NA	NA	0.00	TriCounty	Daggett
2019-09-01	49	Utah	Kindergarten	NA	NA	NA	NA	NA	NA	NA	NA	NA	NA	NA	NA	NA	NA	NA	7.90	TriCounty	Duchesne
2019-09-01	49	Utah	Kindergarten	NA	NA	NA	NA	NA	NA	NA	NA	NA	NA	NA	NA	NA	NA	NA	4.70	TriCounty	Duchesne
2019-09-01	49	Utah	Kindergarten	NA	NA	NA	NA	NA	NA	NA	NA	NA	NA	NA	NA	NA	NA	NA	5.00	TriCounty	Duchesne
2019-09-01	49	Utah	Kindergarten	NA	NA	NA	NA	NA	NA	NA	NA	NA	NA	NA	NA	NA	NA	NA	7.00	TriCounty	Duchesne
2019-09-01	49	Utah	Kindergarten	NA	NA	NA	NA	NA	NA	NA	NA	NA	NA	NA	NA	NA	NA	NA	11.20	TriCounty	Duchesne
2019-09-01	49	Utah	Kindergarten	NA	NA	NA	NA	NA	NA	NA	NA	NA	NA	NA	NA	NA	NA	NA	6.60	TriCounty	Uintah
2019-09-01	49	Utah	Kindergarten	NA	NA	NA	NA	NA	NA	NA	NA	NA	NA	NA	NA	NA	NA	NA	4.40	TriCounty	Uintah
2019-09-01	49	Utah	Kindergarten	NA	NA	NA	NA	NA	NA	NA	NA	NA	NA	NA	NA	NA	NA	NA	6.50	TriCounty	Uintah
2019-09-01	49	Utah	Kindergarten	NA	NA	NA	NA	NA	NA	NA	NA	NA	NA	NA	NA	NA	NA	NA	10.80	TriCounty	Uintah
2019-09-01	49	Utah	Kindergarten	NA	NA	NA	NA	NA	NA	NA	NA	NA	NA	NA	NA	NA	NA	NA	9.90	TriCounty	Uintah
2019-09-01	49	Utah	Kindergarten	NA	NA	NA	NA	NA	NA	NA	NA	NA	NA	NA	NA	NA	NA	NA	4.30	Utah County	Alpine
2019-09-01	49	Utah	Kindergarten	NA	NA	NA	NA	NA	NA	NA	NA	NA	NA	NA	NA	NA	NA	NA	4.30	Utah County	Alpine
2019-09-01	49	Utah	Kindergarten	NA	NA	NA	NA	NA	NA	NA	NA	NA	NA	NA	NA	NA	NA	NA	3.30	Utah County	Alpine
2019-09-01	49	Utah	Kindergarten	NA	NA	NA	NA	NA	NA	NA	NA	NA	NA	NA	NA	NA	NA	NA	5.60	Utah County	Alpine
2019-09-01	49	Utah	Kindergarten	NA	NA	NA	NA	NA	NA	NA	NA	NA	NA	NA	NA	NA	NA	NA	7.40	Utah County	Alpine
2019-09-01	49	Utah	Kindergarten	NA	NA	NA	NA	NA	NA	NA	NA	NA	NA	NA	NA	NA	NA	NA	4.70	Utah County	Nebo
2019-09-01	49	Utah	Kindergarten	NA	NA	NA	NA	NA	NA	NA	NA	NA	NA	NA	NA	NA	NA	NA	5.00	Utah County	Nebo
2019-09-01	49	Utah	Kindergarten	NA	NA	NA	NA	NA	NA	NA	NA	NA	NA	NA	NA	NA	NA	NA	3.30	Utah County	Nebo
2019-09-01	49	Utah	Kindergarten	NA	NA	NA	NA	NA	NA	NA	NA	NA	NA	NA	NA	NA	NA	NA	5.10	Utah County	Nebo
2019-09-01	49	Utah	Kindergarten	NA	NA	NA	NA	NA	NA	NA	NA	NA	NA	NA	NA	NA	NA	NA	9.00	Utah County	Nebo
2019-09-01	49	Utah	Kindergarten	NA	NA	NA	NA	NA	NA	NA	NA	NA	NA	NA	NA	NA	NA	NA	3.80	Utah County	Provo
2019-09-01	49	Utah	Kindergarten	NA	NA	NA	NA	NA	NA	NA	NA	NA	NA	NA	NA	NA	NA	NA	9.00	Utah County	Provo
2019-09-01	49	Utah	Kindergarten	NA	NA	NA	NA	NA	NA	NA	NA	NA	NA	NA	NA	NA	NA	NA	3.60	Utah County	Provo
2019-09-01	49	Utah	Kindergarten	NA	NA	NA	NA	NA	NA	NA	NA	NA	NA	NA	NA	NA	NA	NA	5.30	Utah County	Provo
2019-09-01	49	Utah	Kindergarten	NA	NA	NA	NA	NA	NA	NA	NA	NA	NA	NA	NA	NA	NA	NA	6.70	Utah County	Provo
2019-09-01	49	Utah	Kindergarten	NA	NA	NA	NA	NA	NA	NA	NA	NA	NA	NA	NA	NA	NA	NA	6.70	Wasatch	Wasatch
2019-09-01	49	Utah	Kindergarten	NA	NA	NA	NA	NA	NA	NA	NA	NA	NA	NA	NA	NA	NA	NA	5.90	Wasatch	Wasatch
2019-09-01	49	Utah	Kindergarten	NA	NA	NA	NA	NA	NA	NA	NA	NA	NA	NA	NA	NA	NA	NA	4.60	Wasatch	Wasatch
2019-09-01	49	Utah	Kindergarten	NA	NA	NA	NA	NA	NA	NA	NA	NA	NA	NA	NA	NA	NA	NA	6.80	Wasatch	Wasatch
2019-09-01	49	Utah	Kindergarten	NA	NA	NA	NA	NA	NA	NA	NA	NA	NA	NA	NA	NA	NA	NA	8.50	Wasatch	Wasatch
2019-09-01	49	Utah	Kindergarten	NA	NA	NA	NA	NA	NA	NA	NA	NA	NA	NA	NA	NA	NA	NA	6.50	Weber-Morgan	Morgan
2019-09-01	49	Utah	Kindergarten	NA	NA	NA	NA	NA	NA	NA	NA	NA	NA	NA	NA	NA	NA	NA	6.20	Weber-Morgan	Morgan
2019-09-01	49	Utah	Kindergarten	NA	NA	NA	NA	NA	NA	NA	NA	NA	NA	NA	NA	NA	NA	NA	3.80	Weber-Morgan	Morgan
2019-09-01	49	Utah	Kindergarten	NA	NA	NA	NA	NA	NA	NA	NA	NA	NA	NA	NA	NA	NA	NA	5.30	Weber-Morgan	Morgan
2019-09-01	49	Utah	Kindergarten	NA	NA	NA	NA	NA	NA	NA	NA	NA	NA	NA	NA	NA	NA	NA	12.30	Weber-Morgan	Morgan
2019-09-01	49	Utah	Kindergarten	NA	NA	NA	NA	NA	NA	NA	NA	NA	NA	NA	NA	NA	NA	NA	2.80	Weber-Morgan	Ogden
2019-09-01	49	Utah	Kindergarten	NA	NA	NA	NA	NA	NA	NA	NA	NA	NA	NA	NA	NA	NA	NA	2.40	Weber-Morgan	Ogden
2019-09-01	49	Utah	Kindergarten	NA	NA	NA	NA	NA	NA	NA	NA	NA	NA	NA	NA	NA	NA	NA	1.80	Weber-Morgan	Ogden
2019-09-01	49	Utah	Kindergarten	NA	NA	NA	NA	NA	NA	NA	NA	NA	NA	NA	NA	NA	NA	NA	4.20	Weber-Morgan	Ogden
2019-09-01	49	Utah	Kindergarten	NA	NA	NA	NA	NA	NA	NA	NA	NA	NA	NA	NA	NA	NA	NA	2.70	Weber-Morgan	Ogden
2019-09-01	49	Utah	Kindergarten	NA	NA	NA	NA	NA	NA	NA	NA	NA	NA	NA	NA	NA	NA	NA	3.60	Weber-Morgan	Weber
2019-09-01	49	Utah	Kindergarten	NA	NA	NA	NA	NA	NA	NA	NA	NA	NA	NA	NA	NA	NA	NA	2.80	Weber-Morgan	Weber
2019-09-01	49	Utah	Kindergarten	NA	NA	NA	NA	NA	NA	NA	NA	NA	NA	NA	NA	NA	NA	NA	3.70	Weber-Morgan	Weber
2019-09-01	49	Utah	Kindergarten	NA	NA	NA	NA	NA	NA	NA	NA	NA	NA	NA	NA	NA	NA	NA	3.50	Weber-Morgan	Weber
2019-09-01	49	Utah	Kindergarten	NA	NA	NA	NA	NA	NA	NA	NA	NA	NA	NA	NA	NA	NA	NA	4.50	Weber-Morgan	Weber
2019-09-01	49	Utah	K-12	NA	NA	NA	NA	NA	NA	NA	NA	NA	NA	NA	NA	NA	NA	NA	3.90	Bear River	Box Elder
2019-09-01	49	Utah	K-12	NA	NA	NA	NA	NA	NA	NA	NA	NA	NA	NA	NA	NA	NA	NA	5.60	Bear River	Box Elder
2019-09-01	49	Utah	K-12	NA	NA	NA	NA	NA	NA	NA	NA	NA	NA	NA	NA	NA	NA	NA	5.00	Bear River	Box Elder
2019-09-01	49	Utah	K-12	NA	NA	NA	NA	NA	NA	NA	NA	NA	NA	NA	NA	NA	NA	NA	3.60	Bear River	Box Elder
2019-09-01	49	Utah	K-12	NA	NA	NA	NA	NA	NA	NA	NA	NA	NA	NA	NA	NA	NA	NA	4.90	Bear River	Box Elder
2019-09-01	49	Utah	K-12	NA	NA	NA	NA	NA	NA	NA	NA	NA	NA	NA	NA	NA	NA	NA	2.80	Bear River	Cache
2019-09-01	49	Utah	K-12	NA	NA	NA	NA	NA	NA	NA	NA	NA	NA	NA	NA	NA	NA	NA	2.60	Bear River	Cache
2019-09-01	49	Utah	K-12	NA	NA	NA	NA	NA	NA	NA	NA	NA	NA	NA	NA	NA	NA	NA	2.70	Bear River	Cache
2019-09-01	49	Utah	K-12	NA	NA	NA	NA	NA	NA	NA	NA	NA	NA	NA	NA	NA	NA	NA	3.10	Bear River	Cache
2019-09-01	49	Utah	K-12	NA	NA	NA	NA	NA	NA	NA	NA	NA	NA	NA	NA	NA	NA	NA	3.60	Bear River	Cache
2019-09-01	49	Utah	K-12	NA	NA	NA	NA	NA	NA	NA	NA	NA	NA	NA	NA	NA	NA	NA	0.70	Bear River	Logan
2019-09-01	49	Utah	K-12	NA	NA	NA	NA	NA	NA	NA	NA	NA	NA	NA	NA	NA	NA	NA	3.20	Bear River	Logan
2019-09-01	49	Utah	K-12	NA	NA	NA	NA	NA	NA	NA	NA	NA	NA	NA	NA	NA	NA	NA	2.60	Bear River	Logan
2019-09-01	49	Utah	K-12	NA	NA	NA	NA	NA	NA	NA	NA	NA	NA	NA	NA	NA	NA	NA	3.10	Bear River	Logan
2019-09-01	49	Utah	K-12	NA	NA	NA	NA	NA	NA	NA	NA	NA	NA	NA	NA	NA	NA	NA	3.60	Bear River	Logan
2019-09-01	49	Utah	K-12	NA	NA	NA	NA	NA	NA	NA	NA	NA	NA	NA	NA	NA	NA	NA	3.30	Bear River	Rich
2019-09-01	49	Utah	K-12	NA	NA	NA	NA	NA	NA	NA	NA	NA	NA	NA	NA	NA	NA	NA	4.40	Bear River	Rich
2019-09-01	49	Utah	K-12	NA	NA	NA	NA	NA	NA	NA	NA	NA	NA	NA	NA	NA	NA	NA	5.40	Bear River	Rich
2019-09-01	49	Utah	K-12	NA	NA	NA	NA	NA	NA	NA	NA	NA	NA	NA	NA	NA	NA	NA	3.10	Bear River	Rich
2019-09-01	49	Utah	K-12	NA	NA	NA	NA	NA	NA	NA	NA	NA	NA	NA	NA	NA	NA	NA	3.50	Bear River	Rich
2019-09-01	49	Utah	K-12	NA	NA	NA	NA	NA	NA	NA	NA	NA	NA	NA	NA	NA	NA	NA	8.10	Central	Juab
2019-09-01	49	Utah	K-12	NA	NA	NA	NA	NA	NA	NA	NA	NA	NA	NA	NA	NA	NA	NA	11.20	Central	Juab
2019-09-01	49	Utah	K-12	NA	NA	NA	NA	NA	NA	NA	NA	NA	NA	NA	NA	NA	NA	NA	10.40	Central	Juab
2019-09-01	49	Utah	K-12	NA	NA	NA	NA	NA	NA	NA	NA	NA	NA	NA	NA	NA	NA	NA	7.10	Central	Juab
2019-09-01	49	Utah	K-12	NA	NA	NA	NA	NA	NA	NA	NA	NA	NA	NA	NA	NA	NA	NA	7.20	Central	Juab
2019-09-01	49	Utah	K-12	NA	NA	NA	NA	NA	NA	NA	NA	NA	NA	NA	NA	NA	NA	NA	4.20	Central	Millard
2019-09-01	49	Utah	K-12	NA	NA	NA	NA	NA	NA	NA	NA	NA	NA	NA	NA	NA	NA	NA	6.80	Central	Millard
2019-09-01	49	Utah	K-12	NA	NA	NA	NA	NA	NA	NA	NA	NA	NA	NA	NA	NA	NA	NA	1.80	Central	Millard
2019-09-01	49	Utah	K-12	NA	NA	NA	NA	NA	NA	NA	NA	NA	NA	NA	NA	NA	NA	NA	4.70	Central	Millard
2019-09-01	49	Utah	K-12	NA	NA	NA	NA	NA	NA	NA	NA	NA	NA	NA	NA	NA	NA	NA	5.30	Central	Millard
2019-09-01	49	Utah	K-12	NA	NA	NA	NA	NA	NA	NA	NA	NA	NA	NA	NA	NA	NA	NA	9.60	Central	North Sanpete
2019-09-01	49	Utah	K-12	NA	NA	NA	NA	NA	NA	NA	NA	NA	NA	NA	NA	NA	NA	NA	4.60	Central	North Sanpete
2019-09-01	49	Utah	K-12	NA	NA	NA	NA	NA	NA	NA	NA	NA	NA	NA	NA	NA	NA	NA	9.10	Central	North Sanpete
2019-09-01	49	Utah	K-12	NA	NA	NA	NA	NA	NA	NA	NA	NA	NA	NA	NA	NA	NA	NA	7.60	Central	North Sanpete
2019-09-01	49	Utah	K-12	NA	NA	NA	NA	NA	NA	NA	NA	NA	NA	NA	NA	NA	NA	NA	7.70	Central	North Sanpete
2019-09-01	49	Utah	K-12	NA	NA	NA	NA	NA	NA	NA	NA	NA	NA	NA	NA	NA	NA	NA	3.30	Central	Piute
2019-09-01	49	Utah	K-12	NA	NA	NA	NA	NA	NA	NA	NA	NA	NA	NA	NA	NA	NA	NA	5.30	Central	Piute
2019-09-01	49	Utah	K-12	NA	NA	NA	NA	NA	NA	NA	NA	NA	NA	NA	NA	NA	NA	NA	10.50	Central	Piute
2019-09-01	49	Utah	K-12	NA	NA	NA	NA	NA	NA	NA	NA	NA	NA	NA	NA	NA	NA	NA	6.20	Central	Piute
2019-09-01	49	Utah	K-12	NA	NA	NA	NA	NA	NA	NA	NA	NA	NA	NA	NA	NA	NA	NA	5.60	Central	Piute
2019-09-01	49	Utah	K-12	NA	NA	NA	NA	NA	NA	NA	NA	NA	NA	NA	NA	NA	NA	NA	4.30	Central	Sevier
2019-09-01	49	Utah	K-12	NA	NA	NA	NA	NA	NA	NA	NA	NA	NA	NA	NA	NA	NA	NA	5.50	Central	Sevier
2019-09-01	49	Utah	K-12	NA	NA	NA	NA	NA	NA	NA	NA	NA	NA	NA	NA	NA	NA	NA	3.10	Central	Sevier
2019-09-01	49	Utah	K-12	NA	NA	NA	NA	NA	NA	NA	NA	NA	NA	NA	NA	NA	NA	NA	3.90	Central	Sevier
2019-09-01	49	Utah	K-12	NA	NA	NA	NA	NA	NA	NA	NA	NA	NA	NA	NA	NA	NA	NA	3.70	Central	Sevier
2019-09-01	49	Utah	K-12	NA	NA	NA	NA	NA	NA	NA	NA	NA	NA	NA	NA	NA	NA	NA	5.10	Central	South Sanpete
2019-09-01	49	Utah	K-12	NA	NA	NA	NA	NA	NA	NA	NA	NA	NA	NA	NA	NA	NA	NA	6.30	Central	South Sanpete
2019-09-01	49	Utah	K-12	NA	NA	NA	NA	NA	NA	NA	NA	NA	NA	NA	NA	NA	NA	NA	4.10	Central	South Sanpete
2019-09-01	49	Utah	K-12	NA	NA	NA	NA	NA	NA	NA	NA	NA	NA	NA	NA	NA	NA	NA	4.70	Central	South Sanpete
2019-09-01	49	Utah	K-12	NA	NA	NA	NA	NA	NA	NA	NA	NA	NA	NA	NA	NA	NA	NA	5.00	Central	South Sanpete
2019-09-01	49	Utah	K-12	NA	NA	NA	NA	NA	NA	NA	NA	NA	NA	NA	NA	NA	NA	NA	5.40	Central	Tintic
2019-09-01	49	Utah	K-12	NA	NA	NA	NA	NA	NA	NA	NA	NA	NA	NA	NA	NA	NA	NA	7.10	Central	Tintic
2019-09-01	49	Utah	K-12	NA	NA	NA	NA	NA	NA	NA	NA	NA	NA	NA	NA	NA	NA	NA	0.00	Central	Tintic
2019-09-01	49	Utah	K-12	NA	NA	NA	NA	NA	NA	NA	NA	NA	NA	NA	NA	NA	NA	NA	1.20	Central	Tintic
2019-09-01	49	Utah	K-12	NA	NA	NA	NA	NA	NA	NA	NA	NA	NA	NA	NA	NA	NA	NA	6.80	Central	Tintic
2019-09-01	49	Utah	K-12	NA	NA	NA	NA	NA	NA	NA	NA	NA	NA	NA	NA	NA	NA	NA	6.60	Central	Wayne
2019-09-01	49	Utah	K-12	NA	NA	NA	NA	NA	NA	NA	NA	NA	NA	NA	NA	NA	NA	NA	10.50	Central	Wayne
2019-09-01	49	Utah	K-12	NA	NA	NA	NA	NA	NA	NA	NA	NA	NA	NA	NA	NA	NA	NA	7.70	Central	Wayne
2019-09-01	49	Utah	K-12	NA	NA	NA	NA	NA	NA	NA	NA	NA	NA	NA	NA	NA	NA	NA	5.50	Central	Wayne
2019-09-01	49	Utah	K-12	NA	NA	NA	NA	NA	NA	NA	NA	NA	NA	NA	NA	NA	NA	NA	8.00	Central	Wayne
2019-09-01	49	Utah	K-12	NA	NA	NA	NA	NA	NA	NA	NA	NA	NA	NA	NA	NA	NA	NA	3.00	Davis	Davis
2019-09-01	49	Utah	K-12	NA	NA	NA	NA	NA	NA	NA	NA	NA	NA	NA	NA	NA	NA	NA	3.10	Davis	Davis
2019-09-01	49	Utah	K-12	NA	NA	NA	NA	NA	NA	NA	NA	NA	NA	NA	NA	NA	NA	NA	3.30	Davis	Davis
2019-09-01	49	Utah	K-12	NA	NA	NA	NA	NA	NA	NA	NA	NA	NA	NA	NA	NA	NA	NA	2.90	Davis	Davis
2019-09-01	49	Utah	K-12	NA	NA	NA	NA	NA	NA	NA	NA	NA	NA	NA	NA	NA	NA	NA	3.10	Davis	Davis
2019-09-01	49	Utah	K-12	NA	NA	NA	NA	NA	NA	NA	NA	NA	NA	NA	NA	NA	NA	NA	3.40	Salt Lake	Canyons
2019-09-01	49	Utah	K-12	NA	NA	NA	NA	NA	NA	NA	NA	NA	NA	NA	NA	NA	NA	NA	4.90	Salt Lake	Canyons
2019-09-01	49	Utah	K-12	NA	NA	NA	NA	NA	NA	NA	NA	NA	NA	NA	NA	NA	NA	NA	4.60	Salt Lake	Canyons
2019-09-01	49	Utah	K-12	NA	NA	NA	NA	NA	NA	NA	NA	NA	NA	NA	NA	NA	NA	NA	3.20	Salt Lake	Canyons
2019-09-01	49	Utah	K-12	NA	NA	NA	NA	NA	NA	NA	NA	NA	NA	NA	NA	NA	NA	NA	3.80	Salt Lake	Canyons
2019-09-01	49	Utah	K-12	NA	NA	NA	NA	NA	NA	NA	NA	NA	NA	NA	NA	NA	NA	NA	1.50	Salt Lake	Granite
2019-09-01	49	Utah	K-12	NA	NA	NA	NA	NA	NA	NA	NA	NA	NA	NA	NA	NA	NA	NA	2.50	Salt Lake	Granite
2019-09-01	49	Utah	K-12	NA	NA	NA	NA	NA	NA	NA	NA	NA	NA	NA	NA	NA	NA	NA	1.80	Salt Lake	Granite
2019-09-01	49	Utah	K-12	NA	NA	NA	NA	NA	NA	NA	NA	NA	NA	NA	NA	NA	NA	NA	1.70	Salt Lake	Granite
2019-09-01	49	Utah	K-12	NA	NA	NA	NA	NA	NA	NA	NA	NA	NA	NA	NA	NA	NA	NA	1.90	Salt Lake	Granite
2019-09-01	49	Utah	K-12	NA	NA	NA	NA	NA	NA	NA	NA	NA	NA	NA	NA	NA	NA	NA	3.00	Salt Lake	Jordan
2019-09-01	49	Utah	K-12	NA	NA	NA	NA	NA	NA	NA	NA	NA	NA	NA	NA	NA	NA	NA	3.90	Salt Lake	Jordan
2019-09-01	49	Utah	K-12	NA	NA	NA	NA	NA	NA	NA	NA	NA	NA	NA	NA	NA	NA	NA	3.00	Salt Lake	Jordan
2019-09-01	49	Utah	K-12	NA	NA	NA	NA	NA	NA	NA	NA	NA	NA	NA	NA	NA	NA	NA	3.00	Salt Lake	Jordan
2019-09-01	49	Utah	K-12	NA	NA	NA	NA	NA	NA	NA	NA	NA	NA	NA	NA	NA	NA	NA	3.20	Salt Lake	Jordan
2019-09-01	49	Utah	K-12	NA	NA	NA	NA	NA	NA	NA	NA	NA	NA	NA	NA	NA	NA	NA	2.30	Salt Lake	Murray
2019-09-01	49	Utah	K-12	NA	NA	NA	NA	NA	NA	NA	NA	NA	NA	NA	NA	NA	NA	NA	3.40	Salt Lake	Murray
2019-09-01	49	Utah	K-12	NA	NA	NA	NA	NA	NA	NA	NA	NA	NA	NA	NA	NA	NA	NA	3.50	Salt Lake	Murray
2019-09-01	49	Utah	K-12	NA	NA	NA	NA	NA	NA	NA	NA	NA	NA	NA	NA	NA	NA	NA	2.60	Salt Lake	Murray
2019-09-01	49	Utah	K-12	NA	NA	NA	NA	NA	NA	NA	NA	NA	NA	NA	NA	NA	NA	NA	2.80	Salt Lake	Murray
2019-09-01	49	Utah	K-12	NA	NA	NA	NA	NA	NA	NA	NA	NA	NA	NA	NA	NA	NA	NA	1.70	Salt Lake	Salt Lake
2019-09-01	49	Utah	K-12	NA	NA	NA	NA	NA	NA	NA	NA	NA	NA	NA	NA	NA	NA	NA	2.70	Salt Lake	Salt Lake
2019-09-01	49	Utah	K-12	NA	NA	NA	NA	NA	NA	NA	NA	NA	NA	NA	NA	NA	NA	NA	1.30	Salt Lake	Salt Lake
2019-09-01	49	Utah	K-12	NA	NA	NA	NA	NA	NA	NA	NA	NA	NA	NA	NA	NA	NA	NA	1.70	Salt Lake	Salt Lake
2019-09-01	49	Utah	K-12	NA	NA	NA	NA	NA	NA	NA	NA	NA	NA	NA	NA	NA	NA	NA	1.50	Salt Lake	Salt Lake
2019-09-01	49	Utah	K-12	NA	NA	NA	NA	NA	NA	NA	NA	NA	NA	NA	NA	NA	NA	NA	2.30	San Juan	San Juan
2019-09-01	49	Utah	K-12	NA	NA	NA	NA	NA	NA	NA	NA	NA	NA	NA	NA	NA	NA	NA	2.80	San Juan	San Juan
2019-09-01	49	Utah	K-12	NA	NA	NA	NA	NA	NA	NA	NA	NA	NA	NA	NA	NA	NA	NA	1.80	San Juan	San Juan
2019-09-01	49	Utah	K-12	NA	NA	NA	NA	NA	NA	NA	NA	NA	NA	NA	NA	NA	NA	NA	3.00	San Juan	San Juan
2019-09-01	49	Utah	K-12	NA	NA	NA	NA	NA	NA	NA	NA	NA	NA	NA	NA	NA	NA	NA	3.20	San Juan	San Juan
2019-09-01	49	Utah	K-12	NA	NA	NA	NA	NA	NA	NA	NA	NA	NA	NA	NA	NA	NA	NA	2.20	Southeast	Carbon
2019-09-01	49	Utah	K-12	NA	NA	NA	NA	NA	NA	NA	NA	NA	NA	NA	NA	NA	NA	NA	2.60	Southeast	Carbon
2019-09-01	49	Utah	K-12	NA	NA	NA	NA	NA	NA	NA	NA	NA	NA	NA	NA	NA	NA	NA	1.30	Southeast	Carbon
2019-09-01	49	Utah	K-12	NA	NA	NA	NA	NA	NA	NA	NA	NA	NA	NA	NA	NA	NA	NA	2.70	Southeast	Carbon
2019-09-01	49	Utah	K-12	NA	NA	NA	NA	NA	NA	NA	NA	NA	NA	NA	NA	NA	NA	NA	3.50	Southeast	Carbon
2019-09-01	49	Utah	K-12	NA	NA	NA	NA	NA	NA	NA	NA	NA	NA	NA	NA	NA	NA	NA	4.10	Southeast	Emery
2019-09-01	49	Utah	K-12	NA	NA	NA	NA	NA	NA	NA	NA	NA	NA	NA	NA	NA	NA	NA	8.90	Southeast	Emery
2019-09-01	49	Utah	K-12	NA	NA	NA	NA	NA	NA	NA	NA	NA	NA	NA	NA	NA	NA	NA	8.30	Southeast	Emery
2019-09-01	49	Utah	K-12	NA	NA	NA	NA	NA	NA	NA	NA	NA	NA	NA	NA	NA	NA	NA	4.50	Southeast	Emery
2019-09-01	49	Utah	K-12	NA	NA	NA	NA	NA	NA	NA	NA	NA	NA	NA	NA	NA	NA	NA	4.80	Southeast	Emery
2019-09-01	49	Utah	K-12	NA	NA	NA	NA	NA	NA	NA	NA	NA	NA	NA	NA	NA	NA	NA	2.60	Southeast	Grand
2019-09-01	49	Utah	K-12	NA	NA	NA	NA	NA	NA	NA	NA	NA	NA	NA	NA	NA	NA	NA	3.00	Southeast	Grand
2019-09-01	49	Utah	K-12	NA	NA	NA	NA	NA	NA	NA	NA	NA	NA	NA	NA	NA	NA	NA	3.10	Southeast	Grand
2019-09-01	49	Utah	K-12	NA	NA	NA	NA	NA	NA	NA	NA	NA	NA	NA	NA	NA	NA	NA	3.50	Southeast	Grand
2019-09-01	49	Utah	K-12	NA	NA	NA	NA	NA	NA	NA	NA	NA	NA	NA	NA	NA	NA	NA	4.30	Southeast	Grand
2019-09-01	49	Utah	K-12	NA	NA	NA	NA	NA	NA	NA	NA	NA	NA	NA	NA	NA	NA	NA	1.60	Southwest	Beaver
2019-09-01	49	Utah	K-12	NA	NA	NA	NA	NA	NA	NA	NA	NA	NA	NA	NA	NA	NA	NA	4.50	Southwest	Beaver
2019-09-01	49	Utah	K-12	NA	NA	NA	NA	NA	NA	NA	NA	NA	NA	NA	NA	NA	NA	NA	3.70	Southwest	Beaver
2019-09-01	49	Utah	K-12	NA	NA	NA	NA	NA	NA	NA	NA	NA	NA	NA	NA	NA	NA	NA	1.80	Southwest	Beaver
2019-09-01	49	Utah	K-12	NA	NA	NA	NA	NA	NA	NA	NA	NA	NA	NA	NA	NA	NA	NA	2.40	Southwest	Beaver
2019-09-01	49	Utah	K-12	NA	NA	NA	NA	NA	NA	NA	NA	NA	NA	NA	NA	NA	NA	NA	4.50	Southwest	Garfield
2019-09-01	49	Utah	K-12	NA	NA	NA	NA	NA	NA	NA	NA	NA	NA	NA	NA	NA	NA	NA	7.50	Southwest	Garfield
2019-09-01	49	Utah	K-12	NA	NA	NA	NA	NA	NA	NA	NA	NA	NA	NA	NA	NA	NA	NA	7.10	Southwest	Garfield
2019-09-01	49	Utah	K-12	NA	NA	NA	NA	NA	NA	NA	NA	NA	NA	NA	NA	NA	NA	NA	5.40	Southwest	Garfield
2019-09-01	49	Utah	K-12	NA	NA	NA	NA	NA	NA	NA	NA	NA	NA	NA	NA	NA	NA	NA	6.20	Southwest	Garfield
2019-09-01	49	Utah	K-12	NA	NA	NA	NA	NA	NA	NA	NA	NA	NA	NA	NA	NA	NA	NA	5.70	Southwest	Iron
2019-09-01	49	Utah	K-12	NA	NA	NA	NA	NA	NA	NA	NA	NA	NA	NA	NA	NA	NA	NA	7.30	Southwest	Iron
2019-09-01	49	Utah	K-12	NA	NA	NA	NA	NA	NA	NA	NA	NA	NA	NA	NA	NA	NA	NA	5.50	Southwest	Iron
2019-09-01	49	Utah	K-12	NA	NA	NA	NA	NA	NA	NA	NA	NA	NA	NA	NA	NA	NA	NA	5.80	Southwest	Iron
2019-09-01	49	Utah	K-12	NA	NA	NA	NA	NA	NA	NA	NA	NA	NA	NA	NA	NA	NA	NA	13.00	Southwest	Iron
2019-09-01	49	Utah	K-12	NA	NA	NA	NA	NA	NA	NA	NA	NA	NA	NA	NA	NA	NA	NA	9.20	Southwest	Kane
2019-09-01	49	Utah	K-12	NA	NA	NA	NA	NA	NA	NA	NA	NA	NA	NA	NA	NA	NA	NA	19.20	Southwest	Kane
2019-09-01	49	Utah	K-12	NA	NA	NA	NA	NA	NA	NA	NA	NA	NA	NA	NA	NA	NA	NA	7.80	Southwest	Kane
2019-09-01	49	Utah	K-12	NA	NA	NA	NA	NA	NA	NA	NA	NA	NA	NA	NA	NA	NA	NA	10.80	Southwest	Kane
2019-09-01	49	Utah	K-12	NA	NA	NA	NA	NA	NA	NA	NA	NA	NA	NA	NA	NA	NA	NA	12.00	Southwest	Kane
2019-09-01	49	Utah	K-12	NA	NA	NA	NA	NA	NA	NA	NA	NA	NA	NA	NA	NA	NA	NA	7.10	Southwest	Washington
2019-09-01	49	Utah	K-12	NA	NA	NA	NA	NA	NA	NA	NA	NA	NA	NA	NA	NA	NA	NA	9.70	Southwest	Washington
2019-09-01	49	Utah	K-12	NA	NA	NA	NA	NA	NA	NA	NA	NA	NA	NA	NA	NA	NA	NA	8.50	Southwest	Washington
2019-09-01	49	Utah	K-12	NA	NA	NA	NA	NA	NA	NA	NA	NA	NA	NA	NA	NA	NA	NA	8.20	Southwest	Washington
2019-09-01	49	Utah	K-12	NA	NA	NA	NA	NA	NA	NA	NA	NA	NA	NA	NA	NA	NA	NA	10.20	Southwest	Washington
2019-09-01	49	Utah	K-12	NA	NA	NA	NA	NA	NA	NA	NA	NA	NA	NA	NA	NA	NA	NA	2.50	Summit	North Summit
2019-09-01	49	Utah	K-12	NA	NA	NA	NA	NA	NA	NA	NA	NA	NA	NA	NA	NA	NA	NA	3.20	Summit	North Summit
2019-09-01	49	Utah	K-12	NA	NA	NA	NA	NA	NA	NA	NA	NA	NA	NA	NA	NA	NA	NA	1.50	Summit	North Summit
2019-09-01	49	Utah	K-12	NA	NA	NA	NA	NA	NA	NA	NA	NA	NA	NA	NA	NA	NA	NA	2.60	Summit	North Summit
2019-09-01	49	Utah	K-12	NA	NA	NA	NA	NA	NA	NA	NA	NA	NA	NA	NA	NA	NA	NA	3.30	Summit	North Summit
2019-09-01	49	Utah	K-12	NA	NA	NA	NA	NA	NA	NA	NA	NA	NA	NA	NA	NA	NA	NA	5.50	Summit	Park City
2019-09-01	49	Utah	K-12	NA	NA	NA	NA	NA	NA	NA	NA	NA	NA	NA	NA	NA	NA	NA	11.40	Summit	Park City
2019-09-01	49	Utah	K-12	NA	NA	NA	NA	NA	NA	NA	NA	NA	NA	NA	NA	NA	NA	NA	5.80	Summit	Park City
2019-09-01	49	Utah	K-12	NA	NA	NA	NA	NA	NA	NA	NA	NA	NA	NA	NA	NA	NA	NA	5.00	Summit	Park City
2019-09-01	49	Utah	K-12	NA	NA	NA	NA	NA	NA	NA	NA	NA	NA	NA	NA	NA	NA	NA	5.60	Summit	Park City
2019-09-01	49	Utah	K-12	NA	NA	NA	NA	NA	NA	NA	NA	NA	NA	NA	NA	NA	NA	NA	3.50	Summit	South Summit
2019-09-01	49	Utah	K-12	NA	NA	NA	NA	NA	NA	NA	NA	NA	NA	NA	NA	NA	NA	NA	5.90	Summit	South Summit
2019-09-01	49	Utah	K-12	NA	NA	NA	NA	NA	NA	NA	NA	NA	NA	NA	NA	NA	NA	NA	2.30	Summit	South Summit
2019-09-01	49	Utah	K-12	NA	NA	NA	NA	NA	NA	NA	NA	NA	NA	NA	NA	NA	NA	NA	4.10	Summit	South Summit
2019-09-01	49	Utah	K-12	NA	NA	NA	NA	NA	NA	NA	NA	NA	NA	NA	NA	NA	NA	NA	4.40	Summit	South Summit
2019-09-01	49	Utah	K-12	NA	NA	NA	NA	NA	NA	NA	NA	NA	NA	NA	NA	NA	NA	NA	3.10	Tooele	Tooele
2019-09-01	49	Utah	K-12	NA	NA	NA	NA	NA	NA	NA	NA	NA	NA	NA	NA	NA	NA	NA	4.00	Tooele	Tooele
2019-09-01	49	Utah	K-12	NA	NA	NA	NA	NA	NA	NA	NA	NA	NA	NA	NA	NA	NA	NA	3.20	Tooele	Tooele
2019-09-01	49	Utah	K-12	NA	NA	NA	NA	NA	NA	NA	NA	NA	NA	NA	NA	NA	NA	NA	3.10	Tooele	Tooele
2019-09-01	49	Utah	K-12	NA	NA	NA	NA	NA	NA	NA	NA	NA	NA	NA	NA	NA	NA	NA	2.90	Tooele	Tooele
2019-09-01	49	Utah	K-12	NA	NA	NA	NA	NA	NA	NA	NA	NA	NA	NA	NA	NA	NA	NA	2.50	TriCounty	Daggett
2019-09-01	49	Utah	K-12	NA	NA	NA	NA	NA	NA	NA	NA	NA	NA	NA	NA	NA	NA	NA	0.00	TriCounty	Daggett
2019-09-01	49	Utah	K-12	NA	NA	NA	NA	NA	NA	NA	NA	NA	NA	NA	NA	NA	NA	NA	8.30	TriCounty	Daggett
2019-09-01	49	Utah	K-12	NA	NA	NA	NA	NA	NA	NA	NA	NA	NA	NA	NA	NA	NA	NA	6.70	TriCounty	Daggett
2019-09-01	49	Utah	K-12	NA	NA	NA	NA	NA	NA	NA	NA	NA	NA	NA	NA	NA	NA	NA	6.30	TriCounty	Daggett
2019-09-01	49	Utah	K-12	NA	NA	NA	NA	NA	NA	NA	NA	NA	NA	NA	NA	NA	NA	NA	4.60	TriCounty	Duchesne
2019-09-01	49	Utah	K-12	NA	NA	NA	NA	NA	NA	NA	NA	NA	NA	NA	NA	NA	NA	NA	4.70	TriCounty	Duchesne
2019-09-01	49	Utah	K-12	NA	NA	NA	NA	NA	NA	NA	NA	NA	NA	NA	NA	NA	NA	NA	5.00	TriCounty	Duchesne
2019-09-01	49	Utah	K-12	NA	NA	NA	NA	NA	NA	NA	NA	NA	NA	NA	NA	NA	NA	NA	6.00	TriCounty	Duchesne
2019-09-01	49	Utah	K-12	NA	NA	NA	NA	NA	NA	NA	NA	NA	NA	NA	NA	NA	NA	NA	5.90	TriCounty	Duchesne
2019-09-01	49	Utah	K-12	NA	NA	NA	NA	NA	NA	NA	NA	NA	NA	NA	NA	NA	NA	NA	4.00	TriCounty	Uintah
2019-09-01	49	Utah	K-12	NA	NA	NA	NA	NA	NA	NA	NA	NA	NA	NA	NA	NA	NA	NA	4.40	TriCounty	Uintah
2019-09-01	49	Utah	K-12	NA	NA	NA	NA	NA	NA	NA	NA	NA	NA	NA	NA	NA	NA	NA	6.50	TriCounty	Uintah
2019-09-01	49	Utah	K-12	NA	NA	NA	NA	NA	NA	NA	NA	NA	NA	NA	NA	NA	NA	NA	4.40	TriCounty	Uintah
2019-09-01	49	Utah	K-12	NA	NA	NA	NA	NA	NA	NA	NA	NA	NA	NA	NA	NA	NA	NA	5.00	TriCounty	Uintah
2019-09-01	49	Utah	K-12	NA	NA	NA	NA	NA	NA	NA	NA	NA	NA	NA	NA	NA	NA	NA	4.50	Utah County	Alpine
2019-09-01	49	Utah	K-12	NA	NA	NA	NA	NA	NA	NA	NA	NA	NA	NA	NA	NA	NA	NA	4.30	Utah County	Alpine
2019-09-01	49	Utah	K-12	NA	NA	NA	NA	NA	NA	NA	NA	NA	NA	NA	NA	NA	NA	NA	3.30	Utah County	Alpine
2019-09-01	49	Utah	K-12	NA	NA	NA	NA	NA	NA	NA	NA	NA	NA	NA	NA	NA	NA	NA	4.30	Utah County	Alpine
2019-09-01	49	Utah	K-12	NA	NA	NA	NA	NA	NA	NA	NA	NA	NA	NA	NA	NA	NA	NA	5.00	Utah County	Alpine
2019-09-01	49	Utah	K-12	NA	NA	NA	NA	NA	NA	NA	NA	NA	NA	NA	NA	NA	NA	NA	4.00	Utah County	Nebo
2019-09-01	49	Utah	K-12	NA	NA	NA	NA	NA	NA	NA	NA	NA	NA	NA	NA	NA	NA	NA	5.00	Utah County	Nebo
2019-09-01	49	Utah	K-12	NA	NA	NA	NA	NA	NA	NA	NA	NA	NA	NA	NA	NA	NA	NA	3.30	Utah County	Nebo
2019-09-01	49	Utah	K-12	NA	NA	NA	NA	NA	NA	NA	NA	NA	NA	NA	NA	NA	NA	NA	4.30	Utah County	Nebo
2019-09-01	49	Utah	K-12	NA	NA	NA	NA	NA	NA	NA	NA	NA	NA	NA	NA	NA	NA	NA	4.50	Utah County	Nebo
2019-09-01	49	Utah	K-12	NA	NA	NA	NA	NA	NA	NA	NA	NA	NA	NA	NA	NA	NA	NA	2.80	Utah County	Provo
2019-09-01	49	Utah	K-12	NA	NA	NA	NA	NA	NA	NA	NA	NA	NA	NA	NA	NA	NA	NA	9.00	Utah County	Provo
2019-09-01	49	Utah	K-12	NA	NA	NA	NA	NA	NA	NA	NA	NA	NA	NA	NA	NA	NA	NA	3.60	Utah County	Provo
2019-09-01	49	Utah	K-12	NA	NA	NA	NA	NA	NA	NA	NA	NA	NA	NA	NA	NA	NA	NA	3.40	Utah County	Provo
2019-09-01	49	Utah	K-12	NA	NA	NA	NA	NA	NA	NA	NA	NA	NA	NA	NA	NA	NA	NA	3.80	Utah County	Provo
2019-09-01	49	Utah	K-12	NA	NA	NA	NA	NA	NA	NA	NA	NA	NA	NA	NA	NA	NA	NA	4.50	Wasatch	Wasatch
2019-09-01	49	Utah	K-12	NA	NA	NA	NA	NA	NA	NA	NA	NA	NA	NA	NA	NA	NA	NA	5.90	Wasatch	Wasatch
2019-09-01	49	Utah	K-12	NA	NA	NA	NA	NA	NA	NA	NA	NA	NA	NA	NA	NA	NA	NA	4.60	Wasatch	Wasatch
2019-09-01	49	Utah	K-12	NA	NA	NA	NA	NA	NA	NA	NA	NA	NA	NA	NA	NA	NA	NA	5.20	Wasatch	Wasatch
2019-09-01	49	Utah	K-12	NA	NA	NA	NA	NA	NA	NA	NA	NA	NA	NA	NA	NA	NA	NA	7.00	Wasatch	Wasatch
2019-09-01	49	Utah	K-12	NA	NA	NA	NA	NA	NA	NA	NA	NA	NA	NA	NA	NA	NA	NA	3.40	Weber-Morgan	Morgan
2019-09-01	49	Utah	K-12	NA	NA	NA	NA	NA	NA	NA	NA	NA	NA	NA	NA	NA	NA	NA	6.20	Weber-Morgan	Morgan
2019-09-01	49	Utah	K-12	NA	NA	NA	NA	NA	NA	NA	NA	NA	NA	NA	NA	NA	NA	NA	3.80	Weber-Morgan	Morgan
2019-09-01	49	Utah	K-12	NA	NA	NA	NA	NA	NA	NA	NA	NA	NA	NA	NA	NA	NA	NA	4.70	Weber-Morgan	Morgan
2019-09-01	49	Utah	K-12	NA	NA	NA	NA	NA	NA	NA	NA	NA	NA	NA	NA	NA	NA	NA	5.10	Weber-Morgan	Morgan
2019-09-01	49	Utah	K-12	NA	NA	NA	NA	NA	NA	NA	NA	NA	NA	NA	NA	NA	NA	NA	1.90	Weber-Morgan	Ogden
2019-09-01	49	Utah	K-12	NA	NA	NA	NA	NA	NA	NA	NA	NA	NA	NA	NA	NA	NA	NA	2.40	Weber-Morgan	Ogden
2019-09-01	49	Utah	K-12	NA	NA	NA	NA	NA	NA	NA	NA	NA	NA	NA	NA	NA	NA	NA	1.80	Weber-Morgan	Ogden
2019-09-01	49	Utah	K-12	NA	NA	NA	NA	NA	NA	NA	NA	NA	NA	NA	NA	NA	NA	NA	2.40	Weber-Morgan	Ogden
2019-09-01	49	Utah	K-12	NA	NA	NA	NA	NA	NA	NA	NA	NA	NA	NA	NA	NA	NA	NA	2.60	Weber-Morgan	Ogden
2019-09-01	49	Utah	K-12	NA	NA	NA	NA	NA	NA	NA	NA	NA	NA	NA	NA	NA	NA	NA	2.50	Weber-Morgan	Weber
2019-09-01	49	Utah	K-12	NA	NA	NA	NA	NA	NA	NA	NA	NA	NA	NA	NA	NA	NA	NA	2.80	Weber-Morgan	Weber
2019-09-01	49	Utah	K-12	NA	NA	NA	NA	NA	NA	NA	NA	NA	NA	NA	NA	NA	NA	NA	3.70	Weber-Morgan	Weber
2019-09-01	49	Utah	K-12	NA	NA	NA	NA	NA	NA	NA	NA	NA	NA	NA	NA	NA	NA	NA	2.80	Weber-Morgan	Weber
2019-09-01	49	Utah	K-12	NA	NA	NA	NA	NA	NA	NA	NA	NA	NA	NA	NA	NA	NA	NA	3.00	Weber-Morgan	Weber
2019-09-01	49	Utah	7th grade	NA	NA	NA	NA	NA	NA	NA	NA	NA	NA	NA	NA	NA	NA	NA	3.90	Bear River	Box Elder
2019-09-01	49	Utah	7th grade	NA	NA	NA	NA	NA	NA	NA	NA	NA	NA	NA	NA	NA	NA	NA	4.40	Bear River	Box Elder
2019-09-01	49	Utah	7th grade	NA	NA	NA	NA	NA	NA	NA	NA	NA	NA	NA	NA	NA	NA	NA	4.20	Bear River	Box Elder
2019-09-01	49	Utah	7th grade	NA	NA	NA	NA	NA	NA	NA	NA	NA	NA	NA	NA	NA	NA	NA	6.80	Bear River	Box Elder
2019-09-01	49	Utah	7th grade	NA	NA	NA	NA	NA	NA	NA	NA	NA	NA	NA	NA	NA	NA	NA	6.80	Bear River	Box Elder
2019-09-01	49	Utah	7th grade	NA	NA	NA	NA	NA	NA	NA	NA	NA	NA	NA	NA	NA	NA	NA	3.40	Bear River	Cache
2019-09-01	49	Utah	7th grade	NA	NA	NA	NA	NA	NA	NA	NA	NA	NA	NA	NA	NA	NA	NA	2.60	Bear River	Cache
2019-09-01	49	Utah	7th grade	NA	NA	NA	NA	NA	NA	NA	NA	NA	NA	NA	NA	NA	NA	NA	4.90	Bear River	Cache
2019-09-01	49	Utah	7th grade	NA	NA	NA	NA	NA	NA	NA	NA	NA	NA	NA	NA	NA	NA	NA	5.70	Bear River	Cache
2019-09-01	49	Utah	7th grade	NA	NA	NA	NA	NA	NA	NA	NA	NA	NA	NA	NA	NA	NA	NA	3.50	Bear River	Cache
2019-09-01	49	Utah	7th grade	NA	NA	NA	NA	NA	NA	NA	NA	NA	NA	NA	NA	NA	NA	NA	0.40	Bear River	Logan
2019-09-01	49	Utah	7th grade	NA	NA	NA	NA	NA	NA	NA	NA	NA	NA	NA	NA	NA	NA	NA	0.50	Bear River	Logan
2019-09-01	49	Utah	7th grade	NA	NA	NA	NA	NA	NA	NA	NA	NA	NA	NA	NA	NA	NA	NA	0.30	Bear River	Logan
2019-09-01	49	Utah	7th grade	NA	NA	NA	NA	NA	NA	NA	NA	NA	NA	NA	NA	NA	NA	NA	1.70	Bear River	Logan
2019-09-01	49	Utah	7th grade	NA	NA	NA	NA	NA	NA	NA	NA	NA	NA	NA	NA	NA	NA	NA	4.10	Bear River	Logan
2019-09-01	49	Utah	7th grade	NA	NA	NA	NA	NA	NA	NA	NA	NA	NA	NA	NA	NA	NA	NA	2.10	Bear River	Rich
2019-09-01	49	Utah	7th grade	NA	NA	NA	NA	NA	NA	NA	NA	NA	NA	NA	NA	NA	NA	NA	4.90	Bear River	Rich
2019-09-01	49	Utah	7th grade	NA	NA	NA	NA	NA	NA	NA	NA	NA	NA	NA	NA	NA	NA	NA	8.30	Bear River	Rich
2019-09-01	49	Utah	7th grade	NA	NA	NA	NA	NA	NA	NA	NA	NA	NA	NA	NA	NA	NA	NA	4.50	Bear River	Rich
2019-09-01	49	Utah	7th grade	NA	NA	NA	NA	NA	NA	NA	NA	NA	NA	NA	NA	NA	NA	NA	2.50	Bear River	Rich
2019-09-01	49	Utah	7th grade	NA	NA	NA	NA	NA	NA	NA	NA	NA	NA	NA	NA	NA	NA	NA	10.20	Central	Juab
2019-09-01	49	Utah	7th grade	NA	NA	NA	NA	NA	NA	NA	NA	NA	NA	NA	NA	NA	NA	NA	7.90	Central	Juab
2019-09-01	49	Utah	7th grade	NA	NA	NA	NA	NA	NA	NA	NA	NA	NA	NA	NA	NA	NA	NA	10.70	Central	Juab
2019-09-01	49	Utah	7th grade	NA	NA	NA	NA	NA	NA	NA	NA	NA	NA	NA	NA	NA	NA	NA	10.90	Central	Juab
2019-09-01	49	Utah	7th grade	NA	NA	NA	NA	NA	NA	NA	NA	NA	NA	NA	NA	NA	NA	NA	11.10	Central	Juab
2019-09-01	49	Utah	7th grade	NA	NA	NA	NA	NA	NA	NA	NA	NA	NA	NA	NA	NA	NA	NA	5.00	Central	Millard
2019-09-01	49	Utah	7th grade	NA	NA	NA	NA	NA	NA	NA	NA	NA	NA	NA	NA	NA	NA	NA	5.40	Central	Millard
2019-09-01	49	Utah	7th grade	NA	NA	NA	NA	NA	NA	NA	NA	NA	NA	NA	NA	NA	NA	NA	4.00	Central	Millard
2019-09-01	49	Utah	7th grade	NA	NA	NA	NA	NA	NA	NA	NA	NA	NA	NA	NA	NA	NA	NA	6.20	Central	Millard
2019-09-01	49	Utah	7th grade	NA	NA	NA	NA	NA	NA	NA	NA	NA	NA	NA	NA	NA	NA	NA	7.60	Central	Millard
2019-09-01	49	Utah	7th grade	NA	NA	NA	NA	NA	NA	NA	NA	NA	NA	NA	NA	NA	NA	NA	11.50	Central	North Sanpete
2019-09-01	49	Utah	7th grade	NA	NA	NA	NA	NA	NA	NA	NA	NA	NA	NA	NA	NA	NA	NA	9.60	Central	North Sanpete
2019-09-01	49	Utah	7th grade	NA	NA	NA	NA	NA	NA	NA	NA	NA	NA	NA	NA	NA	NA	NA	8.60	Central	North Sanpete
2019-09-01	49	Utah	7th grade	NA	NA	NA	NA	NA	NA	NA	NA	NA	NA	NA	NA	NA	NA	NA	10.10	Central	North Sanpete
2019-09-01	49	Utah	7th grade	NA	NA	NA	NA	NA	NA	NA	NA	NA	NA	NA	NA	NA	NA	NA	8.50	Central	North Sanpete
2019-09-01	49	Utah	7th grade	NA	NA	NA	NA	NA	NA	NA	NA	NA	NA	NA	NA	NA	NA	NA	3.80	Central	Piute
2019-09-01	49	Utah	7th grade	NA	NA	NA	NA	NA	NA	NA	NA	NA	NA	NA	NA	NA	NA	NA	3.60	Central	Piute
2019-09-01	49	Utah	7th grade	NA	NA	NA	NA	NA	NA	NA	NA	NA	NA	NA	NA	NA	NA	NA	0.00	Central	Piute
2019-09-01	49	Utah	7th grade	NA	NA	NA	NA	NA	NA	NA	NA	NA	NA	NA	NA	NA	NA	NA	0.00	Central	Piute
2019-09-01	49	Utah	7th grade	NA	NA	NA	NA	NA	NA	NA	NA	NA	NA	NA	NA	NA	NA	NA	10.50	Central	Piute
2019-09-01	49	Utah	7th grade	NA	NA	NA	NA	NA	NA	NA	NA	NA	NA	NA	NA	NA	NA	NA	4.90	Central	Sevier
2019-09-01	49	Utah	7th grade	NA	NA	NA	NA	NA	NA	NA	NA	NA	NA	NA	NA	NA	NA	NA	4.40	Central	Sevier
2019-09-01	49	Utah	7th grade	NA	NA	NA	NA	NA	NA	NA	NA	NA	NA	NA	NA	NA	NA	NA	6.40	Central	Sevier
2019-09-01	49	Utah	7th grade	NA	NA	NA	NA	NA	NA	NA	NA	NA	NA	NA	NA	NA	NA	NA	6.40	Central	Sevier
2019-09-01	49	Utah	7th grade	NA	NA	NA	NA	NA	NA	NA	NA	NA	NA	NA	NA	NA	NA	NA	1.50	Central	Sevier
2019-09-01	49	Utah	7th grade	NA	NA	NA	NA	NA	NA	NA	NA	NA	NA	NA	NA	NA	NA	NA	6.20	Central	South Sanpete
2019-09-01	49	Utah	7th grade	NA	NA	NA	NA	NA	NA	NA	NA	NA	NA	NA	NA	NA	NA	NA	4.70	Central	South Sanpete
2019-09-01	49	Utah	7th grade	NA	NA	NA	NA	NA	NA	NA	NA	NA	NA	NA	NA	NA	NA	NA	5.80	Central	South Sanpete
2019-09-01	49	Utah	7th grade	NA	NA	NA	NA	NA	NA	NA	NA	NA	NA	NA	NA	NA	NA	NA	6.70	Central	South Sanpete
2019-09-01	49	Utah	7th grade	NA	NA	NA	NA	NA	NA	NA	NA	NA	NA	NA	NA	NA	NA	NA	6.60	Central	South Sanpete
2019-09-01	49	Utah	7th grade	NA	NA	NA	NA	NA	NA	NA	NA	NA	NA	NA	NA	NA	NA	NA	0.00	Central	Tintic
2019-09-01	49	Utah	7th grade	NA	NA	NA	NA	NA	NA	NA	NA	NA	NA	NA	NA	NA	NA	NA	4.80	Central	Tintic
2019-09-01	49	Utah	7th grade	NA	NA	NA	NA	NA	NA	NA	NA	NA	NA	NA	NA	NA	NA	NA	7.10	Central	Tintic
2019-09-01	49	Utah	7th grade	NA	NA	NA	NA	NA	NA	NA	NA	NA	NA	NA	NA	NA	NA	NA	0.00	Central	Tintic
2019-09-01	49	Utah	7th grade	NA	NA	NA	NA	NA	NA	NA	NA	NA	NA	NA	NA	NA	NA	NA	NA	Central	Tintic
2019-09-01	49	Utah	7th grade	NA	NA	NA	NA	NA	NA	NA	NA	NA	NA	NA	NA	NA	NA	NA	3.20	Central	Wayne
2019-09-01	49	Utah	7th grade	NA	NA	NA	NA	NA	NA	NA	NA	NA	NA	NA	NA	NA	NA	NA	2.90	Central	Wayne
2019-09-01	49	Utah	7th grade	NA	NA	NA	NA	NA	NA	NA	NA	NA	NA	NA	NA	NA	NA	NA	5.40	Central	Wayne
2019-09-01	49	Utah	7th grade	NA	NA	NA	NA	NA	NA	NA	NA	NA	NA	NA	NA	NA	NA	NA	14.30	Central	Wayne
2019-09-01	49	Utah	7th grade	NA	NA	NA	NA	NA	NA	NA	NA	NA	NA	NA	NA	NA	NA	NA	17.10	Central	Wayne
2019-09-01	49	Utah	7th grade	NA	NA	NA	NA	NA	NA	NA	NA	NA	NA	NA	NA	NA	NA	NA	3.50	Davis	Davis
2019-09-01	49	Utah	7th grade	NA	NA	NA	NA	NA	NA	NA	NA	NA	NA	NA	NA	NA	NA	NA	3.70	Davis	Davis
2019-09-01	49	Utah	7th grade	NA	NA	NA	NA	NA	NA	NA	NA	NA	NA	NA	NA	NA	NA	NA	3.90	Davis	Davis
2019-09-01	49	Utah	7th grade	NA	NA	NA	NA	NA	NA	NA	NA	NA	NA	NA	NA	NA	NA	NA	3.40	Davis	Davis
2019-09-01	49	Utah	7th grade	NA	NA	NA	NA	NA	NA	NA	NA	NA	NA	NA	NA	NA	NA	NA	5.20	Davis	Davis
2019-09-01	49	Utah	7th grade	NA	NA	NA	NA	NA	NA	NA	NA	NA	NA	NA	NA	NA	NA	NA	4.80	Salt Lake	Canyons
2019-09-01	49	Utah	7th grade	NA	NA	NA	NA	NA	NA	NA	NA	NA	NA	NA	NA	NA	NA	NA	11.90	Salt Lake	Canyons
2019-09-01	49	Utah	7th grade	NA	NA	NA	NA	NA	NA	NA	NA	NA	NA	NA	NA	NA	NA	NA	5.70	Salt Lake	Canyons
2019-09-01	49	Utah	7th grade	NA	NA	NA	NA	NA	NA	NA	NA	NA	NA	NA	NA	NA	NA	NA	6.70	Salt Lake	Canyons
2019-09-01	49	Utah	7th grade	NA	NA	NA	NA	NA	NA	NA	NA	NA	NA	NA	NA	NA	NA	NA	7.70	Salt Lake	Canyons
2019-09-01	49	Utah	7th grade	NA	NA	NA	NA	NA	NA	NA	NA	NA	NA	NA	NA	NA	NA	NA	2.20	Salt Lake	Granite
2019-09-01	49	Utah	7th grade	NA	NA	NA	NA	NA	NA	NA	NA	NA	NA	NA	NA	NA	NA	NA	2.40	Salt Lake	Granite
2019-09-01	49	Utah	7th grade	NA	NA	NA	NA	NA	NA	NA	NA	NA	NA	NA	NA	NA	NA	NA	3.40	Salt Lake	Granite
2019-09-01	49	Utah	7th grade	NA	NA	NA	NA	NA	NA	NA	NA	NA	NA	NA	NA	NA	NA	NA	2.60	Salt Lake	Granite
2019-09-01	49	Utah	7th grade	NA	NA	NA	NA	NA	NA	NA	NA	NA	NA	NA	NA	NA	NA	NA	2.90	Salt Lake	Granite
2019-09-01	49	Utah	7th grade	NA	NA	NA	NA	NA	NA	NA	NA	NA	NA	NA	NA	NA	NA	NA	4.10	Salt Lake	Jordan
2019-09-01	49	Utah	7th grade	NA	NA	NA	NA	NA	NA	NA	NA	NA	NA	NA	NA	NA	NA	NA	5.00	Salt Lake	Jordan
2019-09-01	49	Utah	7th grade	NA	NA	NA	NA	NA	NA	NA	NA	NA	NA	NA	NA	NA	NA	NA	4.50	Salt Lake	Jordan
2019-09-01	49	Utah	7th grade	NA	NA	NA	NA	NA	NA	NA	NA	NA	NA	NA	NA	NA	NA	NA	6.50	Salt Lake	Jordan
2019-09-01	49	Utah	7th grade	NA	NA	NA	NA	NA	NA	NA	NA	NA	NA	NA	NA	NA	NA	NA	6.60	Salt Lake	Jordan
2019-09-01	49	Utah	7th grade	NA	NA	NA	NA	NA	NA	NA	NA	NA	NA	NA	NA	NA	NA	NA	3.20	Salt Lake	Murray
2019-09-01	49	Utah	7th grade	NA	NA	NA	NA	NA	NA	NA	NA	NA	NA	NA	NA	NA	NA	NA	3.10	Salt Lake	Murray
2019-09-01	49	Utah	7th grade	NA	NA	NA	NA	NA	NA	NA	NA	NA	NA	NA	NA	NA	NA	NA	2.90	Salt Lake	Murray
2019-09-01	49	Utah	7th grade	NA	NA	NA	NA	NA	NA	NA	NA	NA	NA	NA	NA	NA	NA	NA	2.20	Salt Lake	Murray
2019-09-01	49	Utah	7th grade	NA	NA	NA	NA	NA	NA	NA	NA	NA	NA	NA	NA	NA	NA	NA	1.70	Salt Lake	Murray
2019-09-01	49	Utah	7th grade	NA	NA	NA	NA	NA	NA	NA	NA	NA	NA	NA	NA	NA	NA	NA	1.30	Salt Lake	Salt Lake
2019-09-01	49	Utah	7th grade	NA	NA	NA	NA	NA	NA	NA	NA	NA	NA	NA	NA	NA	NA	NA	1.50	Salt Lake	Salt Lake
2019-09-01	49	Utah	7th grade	NA	NA	NA	NA	NA	NA	NA	NA	NA	NA	NA	NA	NA	NA	NA	0.90	Salt Lake	Salt Lake
2019-09-01	49	Utah	7th grade	NA	NA	NA	NA	NA	NA	NA	NA	NA	NA	NA	NA	NA	NA	NA	1.70	Salt Lake	Salt Lake
2019-09-01	49	Utah	7th grade	NA	NA	NA	NA	NA	NA	NA	NA	NA	NA	NA	NA	NA	NA	NA	1.70	Salt Lake	Salt Lake
2019-09-01	49	Utah	7th grade	NA	NA	NA	NA	NA	NA	NA	NA	NA	NA	NA	NA	NA	NA	NA	1.60	San Juan	San Juan
2019-09-01	49	Utah	7th grade	NA	NA	NA	NA	NA	NA	NA	NA	NA	NA	NA	NA	NA	NA	NA	0.70	San Juan	San Juan
2019-09-01	49	Utah	7th grade	NA	NA	NA	NA	NA	NA	NA	NA	NA	NA	NA	NA	NA	NA	NA	0.00	San Juan	San Juan
2019-09-01	49	Utah	7th grade	NA	NA	NA	NA	NA	NA	NA	NA	NA	NA	NA	NA	NA	NA	NA	2.50	San Juan	San Juan
2019-09-01	49	Utah	7th grade	NA	NA	NA	NA	NA	NA	NA	NA	NA	NA	NA	NA	NA	NA	NA	5.20	San Juan	San Juan
2019-09-01	49	Utah	7th grade	NA	NA	NA	NA	NA	NA	NA	NA	NA	NA	NA	NA	NA	NA	NA	3.00	Southeast	Carbon
2019-09-01	49	Utah	7th grade	NA	NA	NA	NA	NA	NA	NA	NA	NA	NA	NA	NA	NA	NA	NA	2.20	Southeast	Carbon
2019-09-01	49	Utah	7th grade	NA	NA	NA	NA	NA	NA	NA	NA	NA	NA	NA	NA	NA	NA	NA	3.10	Southeast	Carbon
2019-09-01	49	Utah	7th grade	NA	NA	NA	NA	NA	NA	NA	NA	NA	NA	NA	NA	NA	NA	NA	4.70	Southeast	Carbon
2019-09-01	49	Utah	7th grade	NA	NA	NA	NA	NA	NA	NA	NA	NA	NA	NA	NA	NA	NA	NA	5.40	Southeast	Carbon
2019-09-01	49	Utah	7th grade	NA	NA	NA	NA	NA	NA	NA	NA	NA	NA	NA	NA	NA	NA	NA	5.90	Southeast	Emery
2019-09-01	49	Utah	7th grade	NA	NA	NA	NA	NA	NA	NA	NA	NA	NA	NA	NA	NA	NA	NA	1.10	Southeast	Emery
2019-09-01	49	Utah	7th grade	NA	NA	NA	NA	NA	NA	NA	NA	NA	NA	NA	NA	NA	NA	NA	3.90	Southeast	Emery
2019-09-01	49	Utah	7th grade	NA	NA	NA	NA	NA	NA	NA	NA	NA	NA	NA	NA	NA	NA	NA	5.10	Southeast	Emery
2019-09-01	49	Utah	7th grade	NA	NA	NA	NA	NA	NA	NA	NA	NA	NA	NA	NA	NA	NA	NA	6.50	Southeast	Emery
2019-09-01	49	Utah	7th grade	NA	NA	NA	NA	NA	NA	NA	NA	NA	NA	NA	NA	NA	NA	NA	5.00	Southeast	Grand
2019-09-01	49	Utah	7th grade	NA	NA	NA	NA	NA	NA	NA	NA	NA	NA	NA	NA	NA	NA	NA	4.00	Southeast	Grand
2019-09-01	49	Utah	7th grade	NA	NA	NA	NA	NA	NA	NA	NA	NA	NA	NA	NA	NA	NA	NA	6.70	Southeast	Grand
2019-09-01	49	Utah	7th grade	NA	NA	NA	NA	NA	NA	NA	NA	NA	NA	NA	NA	NA	NA	NA	3.90	Southeast	Grand
2019-09-01	49	Utah	7th grade	NA	NA	NA	NA	NA	NA	NA	NA	NA	NA	NA	NA	NA	NA	NA	5.10	Southeast	Grand
2019-09-01	49	Utah	7th grade	NA	NA	NA	NA	NA	NA	NA	NA	NA	NA	NA	NA	NA	NA	NA	0.90	Southwest	Beaver
2019-09-01	49	Utah	7th grade	NA	NA	NA	NA	NA	NA	NA	NA	NA	NA	NA	NA	NA	NA	NA	2.00	Southwest	Beaver
2019-09-01	49	Utah	7th grade	NA	NA	NA	NA	NA	NA	NA	NA	NA	NA	NA	NA	NA	NA	NA	4.40	Southwest	Beaver
2019-09-01	49	Utah	7th grade	NA	NA	NA	NA	NA	NA	NA	NA	NA	NA	NA	NA	NA	NA	NA	5.00	Southwest	Beaver
2019-09-01	49	Utah	7th grade	NA	NA	NA	NA	NA	NA	NA	NA	NA	NA	NA	NA	NA	NA	NA	3.80	Southwest	Beaver
2019-09-01	49	Utah	7th grade	NA	NA	NA	NA	NA	NA	NA	NA	NA	NA	NA	NA	NA	NA	NA	9.00	Southwest	Garfield
2019-09-01	49	Utah	7th grade	NA	NA	NA	NA	NA	NA	NA	NA	NA	NA	NA	NA	NA	NA	NA	9.20	Southwest	Garfield
2019-09-01	49	Utah	7th grade	NA	NA	NA	NA	NA	NA	NA	NA	NA	NA	NA	NA	NA	NA	NA	3.10	Southwest	Garfield
2019-09-01	49	Utah	7th grade	NA	NA	NA	NA	NA	NA	NA	NA	NA	NA	NA	NA	NA	NA	NA	5.80	Southwest	Garfield
2019-09-01	49	Utah	7th grade	NA	NA	NA	NA	NA	NA	NA	NA	NA	NA	NA	NA	NA	NA	NA	4.20	Southwest	Garfield
2019-09-01	49	Utah	7th grade	NA	NA	NA	NA	NA	NA	NA	NA	NA	NA	NA	NA	NA	NA	NA	5.50	Southwest	Iron
2019-09-01	49	Utah	7th grade	NA	NA	NA	NA	NA	NA	NA	NA	NA	NA	NA	NA	NA	NA	NA	6.90	Southwest	Iron
2019-09-01	49	Utah	7th grade	NA	NA	NA	NA	NA	NA	NA	NA	NA	NA	NA	NA	NA	NA	NA	4.70	Southwest	Iron
2019-09-01	49	Utah	7th grade	NA	NA	NA	NA	NA	NA	NA	NA	NA	NA	NA	NA	NA	NA	NA	8.10	Southwest	Iron
2019-09-01	49	Utah	7th grade	NA	NA	NA	NA	NA	NA	NA	NA	NA	NA	NA	NA	NA	NA	NA	10.00	Southwest	Iron
2019-09-01	49	Utah	7th grade	NA	NA	NA	NA	NA	NA	NA	NA	NA	NA	NA	NA	NA	NA	NA	14.20	Southwest	Kane
2019-09-01	49	Utah	7th grade	NA	NA	NA	NA	NA	NA	NA	NA	NA	NA	NA	NA	NA	NA	NA	15.00	Southwest	Kane
2019-09-01	49	Utah	7th grade	NA	NA	NA	NA	NA	NA	NA	NA	NA	NA	NA	NA	NA	NA	NA	9.00	Southwest	Kane
2019-09-01	49	Utah	7th grade	NA	NA	NA	NA	NA	NA	NA	NA	NA	NA	NA	NA	NA	NA	NA	12.40	Southwest	Kane
2019-09-01	49	Utah	7th grade	NA	NA	NA	NA	NA	NA	NA	NA	NA	NA	NA	NA	NA	NA	NA	13.00	Southwest	Kane
2019-09-01	49	Utah	7th grade	NA	NA	NA	NA	NA	NA	NA	NA	NA	NA	NA	NA	NA	NA	NA	8.90	Southwest	Washington
2019-09-01	49	Utah	7th grade	NA	NA	NA	NA	NA	NA	NA	NA	NA	NA	NA	NA	NA	NA	NA	7.80	Southwest	Washington
2019-09-01	49	Utah	7th grade	NA	NA	NA	NA	NA	NA	NA	NA	NA	NA	NA	NA	NA	NA	NA	13.30	Southwest	Washington
2019-09-01	49	Utah	7th grade	NA	NA	NA	NA	NA	NA	NA	NA	NA	NA	NA	NA	NA	NA	NA	13.30	Southwest	Washington
2019-09-01	49	Utah	7th grade	NA	NA	NA	NA	NA	NA	NA	NA	NA	NA	NA	NA	NA	NA	NA	14.80	Southwest	Washington
2019-09-01	49	Utah	7th grade	NA	NA	NA	NA	NA	NA	NA	NA	NA	NA	NA	NA	NA	NA	NA	NA	Summit	North Summit
2019-09-01	49	Utah	7th grade	NA	NA	NA	NA	NA	NA	NA	NA	NA	NA	NA	NA	NA	NA	NA	NA	Summit	North Summit
2019-09-01	49	Utah	7th grade	NA	NA	NA	NA	NA	NA	NA	NA	NA	NA	NA	NA	NA	NA	NA	NA	Summit	North Summit
2019-09-01	49	Utah	7th grade	NA	NA	NA	NA	NA	NA	NA	NA	NA	NA	NA	NA	NA	NA	NA	NA	Summit	North Summit
2019-09-01	49	Utah	7th grade	NA	NA	NA	NA	NA	NA	NA	NA	NA	NA	NA	NA	NA	NA	NA	NA	Summit	North Summit
2019-09-01	49	Utah	7th grade	NA	NA	NA	NA	NA	NA	NA	NA	NA	NA	NA	NA	NA	NA	NA	NA	Summit	Park City
2019-09-01	49	Utah	7th grade	NA	NA	NA	NA	NA	NA	NA	NA	NA	NA	NA	NA	NA	NA	NA	NA	Summit	Park City
2019-09-01	49	Utah	7th grade	NA	NA	NA	NA	NA	NA	NA	NA	NA	NA	NA	NA	NA	NA	NA	NA	Summit	Park City
2019-09-01	49	Utah	7th grade	NA	NA	NA	NA	NA	NA	NA	NA	NA	NA	NA	NA	NA	NA	NA	NA	Summit	Park City
2019-09-01	49	Utah	7th grade	NA	NA	NA	NA	NA	NA	NA	NA	NA	NA	NA	NA	NA	NA	NA	NA	Summit	Park City
2019-09-01	49	Utah	7th grade	NA	NA	NA	NA	NA	NA	NA	NA	NA	NA	NA	NA	NA	NA	NA	NA	Summit	South Summit
2019-09-01	49	Utah	7th grade	NA	NA	NA	NA	NA	NA	NA	NA	NA	NA	NA	NA	NA	NA	NA	NA	Summit	South Summit
2019-09-01	49	Utah	7th grade	NA	NA	NA	NA	NA	NA	NA	NA	NA	NA	NA	NA	NA	NA	NA	NA	Summit	South Summit
2019-09-01	49	Utah	7th grade	NA	NA	NA	NA	NA	NA	NA	NA	NA	NA	NA	NA	NA	NA	NA	NA	Summit	South Summit
2019-09-01	49	Utah	7th grade	NA	NA	NA	NA	NA	NA	NA	NA	NA	NA	NA	NA	NA	NA	NA	NA	Summit	South Summit
2019-09-01	49	Utah	7th grade	NA	NA	NA	NA	NA	NA	NA	NA	NA	NA	NA	NA	NA	NA	NA	3.20	Tooele	Tooele
2019-09-01	49	Utah	7th grade	NA	NA	NA	NA	NA	NA	NA	NA	NA	NA	NA	NA	NA	NA	NA	3.60	Tooele	Tooele
2019-09-01	49	Utah	7th grade	NA	NA	NA	NA	NA	NA	NA	NA	NA	NA	NA	NA	NA	NA	NA	4.90	Tooele	Tooele
2019-09-01	49	Utah	7th grade	NA	NA	NA	NA	NA	NA	NA	NA	NA	NA	NA	NA	NA	NA	NA	3.60	Tooele	Tooele
2019-09-01	49	Utah	7th grade	NA	NA	NA	NA	NA	NA	NA	NA	NA	NA	NA	NA	NA	NA	NA	4.10	Tooele	Tooele
2019-09-01	49	Utah	7th grade	NA	NA	NA	NA	NA	NA	NA	NA	NA	NA	NA	NA	NA	NA	NA	0.00	TriCounty	Daggett
2019-09-01	49	Utah	7th grade	NA	NA	NA	NA	NA	NA	NA	NA	NA	NA	NA	NA	NA	NA	NA	5.30	TriCounty	Daggett
2019-09-01	49	Utah	7th grade	NA	NA	NA	NA	NA	NA	NA	NA	NA	NA	NA	NA	NA	NA	NA	22.20	TriCounty	Daggett
2019-09-01	49	Utah	7th grade	NA	NA	NA	NA	NA	NA	NA	NA	NA	NA	NA	NA	NA	NA	NA	5.60	TriCounty	Daggett
2019-09-01	49	Utah	7th grade	NA	NA	NA	NA	NA	NA	NA	NA	NA	NA	NA	NA	NA	NA	NA	0.00	TriCounty	Daggett
2019-09-01	49	Utah	7th grade	NA	NA	NA	NA	NA	NA	NA	NA	NA	NA	NA	NA	NA	NA	NA	8.80	TriCounty	Duchesne
2019-09-01	49	Utah	7th grade	NA	NA	NA	NA	NA	NA	NA	NA	NA	NA	NA	NA	NA	NA	NA	5.80	TriCounty	Duchesne
2019-09-01	49	Utah	7th grade	NA	NA	NA	NA	NA	NA	NA	NA	NA	NA	NA	NA	NA	NA	NA	6.50	TriCounty	Duchesne
2019-09-01	49	Utah	7th grade	NA	NA	NA	NA	NA	NA	NA	NA	NA	NA	NA	NA	NA	NA	NA	9.00	TriCounty	Duchesne
2019-09-01	49	Utah	7th grade	NA	NA	NA	NA	NA	NA	NA	NA	NA	NA	NA	NA	NA	NA	NA	8.50	TriCounty	Duchesne
2019-09-01	49	Utah	7th grade	NA	NA	NA	NA	NA	NA	NA	NA	NA	NA	NA	NA	NA	NA	NA	4.20	TriCounty	Uintah
2019-09-01	49	Utah	7th grade	NA	NA	NA	NA	NA	NA	NA	NA	NA	NA	NA	NA	NA	NA	NA	6.50	TriCounty	Uintah
2019-09-01	49	Utah	7th grade	NA	NA	NA	NA	NA	NA	NA	NA	NA	NA	NA	NA	NA	NA	NA	6.30	TriCounty	Uintah
2019-09-01	49	Utah	7th grade	NA	NA	NA	NA	NA	NA	NA	NA	NA	NA	NA	NA	NA	NA	NA	7.30	TriCounty	Uintah
2019-09-01	49	Utah	7th grade	NA	NA	NA	NA	NA	NA	NA	NA	NA	NA	NA	NA	NA	NA	NA	9.70	TriCounty	Uintah
2019-09-01	49	Utah	7th grade	NA	NA	NA	NA	NA	NA	NA	NA	NA	NA	NA	NA	NA	NA	NA	4.20	Utah County	Alpine
2019-09-01	49	Utah	7th grade	NA	NA	NA	NA	NA	NA	NA	NA	NA	NA	NA	NA	NA	NA	NA	10.90	Utah County	Alpine
2019-09-01	49	Utah	7th grade	NA	NA	NA	NA	NA	NA	NA	NA	NA	NA	NA	NA	NA	NA	NA	4.20	Utah County	Alpine
2019-09-01	49	Utah	7th grade	NA	NA	NA	NA	NA	NA	NA	NA	NA	NA	NA	NA	NA	NA	NA	6.40	Utah County	Alpine
2019-09-01	49	Utah	7th grade	NA	NA	NA	NA	NA	NA	NA	NA	NA	NA	NA	NA	NA	NA	NA	7.20	Utah County	Alpine
2019-09-01	49	Utah	7th grade	NA	NA	NA	NA	NA	NA	NA	NA	NA	NA	NA	NA	NA	NA	NA	5.00	Utah County	Nebo
2019-09-01	49	Utah	7th grade	NA	NA	NA	NA	NA	NA	NA	NA	NA	NA	NA	NA	NA	NA	NA	3.50	Utah County	Nebo
2019-09-01	49	Utah	7th grade	NA	NA	NA	NA	NA	NA	NA	NA	NA	NA	NA	NA	NA	NA	NA	4.40	Utah County	Nebo
2019-09-01	49	Utah	7th grade	NA	NA	NA	NA	NA	NA	NA	NA	NA	NA	NA	NA	NA	NA	NA	6.10	Utah County	Nebo
2019-09-01	49	Utah	7th grade	NA	NA	NA	NA	NA	NA	NA	NA	NA	NA	NA	NA	NA	NA	NA	8.00	Utah County	Nebo
2019-09-01	49	Utah	7th grade	NA	NA	NA	NA	NA	NA	NA	NA	NA	NA	NA	NA	NA	NA	NA	3.40	Utah County	Provo
2019-09-01	49	Utah	7th grade	NA	NA	NA	NA	NA	NA	NA	NA	NA	NA	NA	NA	NA	NA	NA	13.80	Utah County	Provo
2019-09-01	49	Utah	7th grade	NA	NA	NA	NA	NA	NA	NA	NA	NA	NA	NA	NA	NA	NA	NA	4.40	Utah County	Provo
2019-09-01	49	Utah	7th grade	NA	NA	NA	NA	NA	NA	NA	NA	NA	NA	NA	NA	NA	NA	NA	3.90	Utah County	Provo
2019-09-01	49	Utah	7th grade	NA	NA	NA	NA	NA	NA	NA	NA	NA	NA	NA	NA	NA	NA	NA	5.80	Utah County	Provo
2019-09-01	49	Utah	7th grade	NA	NA	NA	NA	NA	NA	NA	NA	NA	NA	NA	NA	NA	NA	NA	6.50	Wasatch	Wasatch
2019-09-01	49	Utah	7th grade	NA	NA	NA	NA	NA	NA	NA	NA	NA	NA	NA	NA	NA	NA	NA	5.20	Wasatch	Wasatch
2019-09-01	49	Utah	7th grade	NA	NA	NA	NA	NA	NA	NA	NA	NA	NA	NA	NA	NA	NA	NA	6.70	Wasatch	Wasatch
2019-09-01	49	Utah	7th grade	NA	NA	NA	NA	NA	NA	NA	NA	NA	NA	NA	NA	NA	NA	NA	7.70	Wasatch	Wasatch
2019-09-01	49	Utah	7th grade	NA	NA	NA	NA	NA	NA	NA	NA	NA	NA	NA	NA	NA	NA	NA	11.20	Wasatch	Wasatch
2019-09-01	49	Utah	7th grade	NA	NA	NA	NA	NA	NA	NA	NA	NA	NA	NA	NA	NA	NA	NA	16.20	Weber-Morgan	Morgan
2019-09-01	49	Utah	7th grade	NA	NA	NA	NA	NA	NA	NA	NA	NA	NA	NA	NA	NA	NA	NA	7.00	Weber-Morgan	Morgan
2019-09-01	49	Utah	7th grade	NA	NA	NA	NA	NA	NA	NA	NA	NA	NA	NA	NA	NA	NA	NA	5.90	Weber-Morgan	Morgan
2019-09-01	49	Utah	7th grade	NA	NA	NA	NA	NA	NA	NA	NA	NA	NA	NA	NA	NA	NA	NA	5.10	Weber-Morgan	Morgan
2019-09-01	49	Utah	7th grade	NA	NA	NA	NA	NA	NA	NA	NA	NA	NA	NA	NA	NA	NA	NA	9.60	Weber-Morgan	Morgan
2019-09-01	49	Utah	7th grade	NA	NA	NA	NA	NA	NA	NA	NA	NA	NA	NA	NA	NA	NA	NA	1.50	Weber-Morgan	Ogden
2019-09-01	49	Utah	7th grade	NA	NA	NA	NA	NA	NA	NA	NA	NA	NA	NA	NA	NA	NA	NA	2.10	Weber-Morgan	Ogden
2019-09-01	49	Utah	7th grade	NA	NA	NA	NA	NA	NA	NA	NA	NA	NA	NA	NA	NA	NA	NA	3.20	Weber-Morgan	Ogden
2019-09-01	49	Utah	7th grade	NA	NA	NA	NA	NA	NA	NA	NA	NA	NA	NA	NA	NA	NA	NA	1.30	Weber-Morgan	Ogden
2019-09-01	49	Utah	7th grade	NA	NA	NA	NA	NA	NA	NA	NA	NA	NA	NA	NA	NA	NA	NA	5.90	Weber-Morgan	Ogden
2019-09-01	49	Utah	7th grade	NA	NA	NA	NA	NA	NA	NA	NA	NA	NA	NA	NA	NA	NA	NA	3.50	Weber-Morgan	Weber
2019-09-01	49	Utah	7th grade	NA	NA	NA	NA	NA	NA	NA	NA	NA	NA	NA	NA	NA	NA	NA	3.10	Weber-Morgan	Weber
2019-09-01	49	Utah	7th grade	NA	NA	NA	NA	NA	NA	NA	NA	NA	NA	NA	NA	NA	NA	NA	4.00	Weber-Morgan	Weber
2019-09-01	49	Utah	7th grade	NA	NA	NA	NA	NA	NA	NA	NA	NA	NA	NA	NA	NA	NA	NA	3.30	Weber-Morgan	Weber
2019-09-01	49	Utah	7th grade	NA	NA	NA	NA	NA	NA	NA	NA	NA	NA	NA	NA	NA	NA	NA	5.10	Weber-Morgan	Weber
